,time_step,outcome_type,stimulus,outcome,stage,exp_outcome,Q_lick,Q_nolick,Q_lick_ql,Q_nolick_ql,alpha,Q_PE,P_lick,P_nolick,P_lick_ql,P_nolick_ql,motivation
0,73592,C1S7,1,1,stable,1,0.98,0.028,0.98,0.028,0.1,0.0,0.945628003004242,0.0543719969957581,0.945628003004242,0.05437199699575812,1.0
1,82367,C1S7,1,1,stable,1,0.98144,0.028,1.072,0.028,0.07200000000000001,0.020000000000000018,0.9458496916341086,0.05415030836589135,0.9581935836809882,0.04180641631901182,1.0
2,99639,C1S7,1,1,stable,1,0.98244847616,0.028,1.1548,0.028,0.054336000000000016,0.01856000000000002,0.9460044393336439,0.05399556066635612,0.9670863397214403,0.032913660278559735,1.0
3,145802,C1S7,1,1,stable,1,0.9832055175130858,0.028,1.22932,0.028,0.04313251430400002,0.017551523840000027,0.9461203310015257,0.05387966899847426,0.9735053372425844,0.02649466275741557,1.0
4,161326,C1S7,1,1,stable,1,0.9838093832519449,0.028,1.2963879999999999,0.028,0.035956198074548515,0.016794482486914175,0.9462126055586173,0.053787394441382766,0.9782289790226176,0.02177102097738231,1.0
5,201650,C1S7,1,1,stable,1,0.9843159567079997,0.028,1.3567491999999999,0.028,0.031288088893562174,0.01619061674805511,0.94628989825065,0.05371010174935004,0.9817692683943753,0.018230731605624686,1.0
6,208940,C1S7,1,1,stable,1,0.9847579844808292,0.028,1.4110742799999998,0.028,0.028183279311337513,0.01568404329200035,0.9463572569946092,0.05364274300539098,0.9844683648046135,0.015531635195386488,1.0
7,234039,C1S7,1,1,stable,1,0.9851551178914679,0.028,1.4599668519999998,0.028,0.026055176898304996,0.015242015519170815,0.9464177065110165,0.05358229348898342,0.9865588297628947,0.013441170237105426,1.0
8,240929,C1S7,1,1,stable,1,0.9855194118239811,0.028,1.5039701667999998,0.028,0.02454003540410224,0.014844882108532076,0.9464731008612419,0.05352689913875818,0.9882014566369665,0.01179854336303357,1.0
9,280739,C1S7,1,1,stable,1,0.9858584367722422,0.028,1.5435731501199998,0.028,0.023412374148072707,0.014480588176018938,0.9465246042813463,0.053475395718653757,0.9895092941564887,0.010490705843511354,1.0
10,288616,C1S7,1,1,stable,1,0.9861770796001531,0.028,1.579215835108,0.028,0.022532362425498324,0.014141563227757836,0.9465729686972237,0.05342703130277627,0.9905631137638528,0.009436886236147335,1.0
11,304244,C1S7,1,1,stable,1,0.9864786013085183,0.028,1.6112942515972,0.028,0.02181316969520713,0.013822920399846894,0.9466186964176316,0.05338130358236837,0.9914215174858861,0.008578482514113856,1.0
12,335541,C1S7,1,1,stable,1,0.9867652649805669,0.028,1.64016482643748,0.028,0.02120074103201331,0.013521398691481723,0.9466621365725482,0.053337863427451775,0.9921276446968642,0.007872355303135773,1.0
13,342849,C1S7,1,1,stable,1,0.9870387116210523,0.028,1.666148343793732,0.028,0.020661285630867825,0.013234735019433064,0.9467035427693329,0.05329645723066716,0.9927136898715455,0.007286310128454398,1.0
14,349360,C1S7,1,1,stable,1,0.9873001867477225,0.028,1.6895335094143586,0.028,0.020173544405889327,0.012961288378947722,0.9467431078272205,0.05325689217277944,0.9932039908947685,0.006796009105231393,1.0
15,388358,C1S7,1,1,stable,1,0.9875506780496629,0.028,1.7105801584729228,0.028,0.019724014594900117,0.012699813252277536,0.9467809848714324,0.05321901512856762,0.9936171703581234,0.006382829641876538,1.0
16,395261,C1S7,1,1,stable,1,0.9877909997845838,0.028,1.7295221426256304,0.028,0.01930400192714233,0.0124493219503371,0.9468173002668325,0.053182699733167534,0.9939676405258743,0.006032359474125627,1.0
17,402198,C1S7,1,1,stable,1,0.9880218451345519,0.028,1.7465699283630673,0.028,0.01890780128553509,0.012209000215416155,0.9468521616461795,0.05314783835382064,0.9942666748367854,0.005733325163214518,1.0
18,422100,C1S7,1,1,stable,1,0.9882438191941183,0.028,1.7619129355267606,0.028,0.018531573690589893,0.011978154865448065,0.9468856629747707,0.05311433702522929,0.9945231802228698,0.005476819777130188,1.0
19,459603,C1S8,1,2,stable,2,0.9884574601849571,0.028,1.7757216419740847,0.028,0.018172652697882957,0.0117561808058817,0.946917887813803,0.05308211218619692,0.9947442603116438,0.005255739688356247,0.0
20,484658,C1S8,1,2,stable,2,0.9884574601849571,0.03189545859654855,1.7757216419740847,0.1252,0.054103591618729775,0.07200000000000001,0.9463274018287454,0.05367259817125454,0.9929773340414244,0.007022665958575626,0.0
21,490040,C1S7,1,1,stable,1,0.9884574601849571,0.03688921590969713,1.7757216419740847,0.21268,0.07332487981330874,0.06810454140345146,0.9455613675047094,0.05443863249529048,0.990889044062533,0.00911095593746705,1.0
22,528563,C1S7,1,1,stable,1,0.9890452115269932,0.03688921590969713,1.7881494777766762,0.21268,0.050920451777011,0.01154253981504294,0.9456520598503906,0.05434794014960937,0.9912195503378923,0.00878044966210767,1.0
23,552953,C1S7,1,1,stable,1,0.9894519096281864,0.03688921590969713,1.7993345299990087,0.21268,0.037125144150010676,0.010954788473006793,0.9457147315869935,0.054285268413006536,0.991506830543914,0.008493169456086035,1.0
24,569187,C1S7,1,1,stable,1,0.9897536265798181,0.03688921590969713,1.8094010769991078,0.21268,0.02860394071309456,0.01054809037181359,0.9457611818207604,0.05423881817923947,0.991757404399637,0.008242595600362978,1.0
25,576975,C1S7,1,1,stable,1,0.9899924714754786,0.03688921590969713,1.818460969299197,0.21268,0.023310188479965854,0.010246373420181865,0.9457979261403987,0.054202073859601185,0.9919766450622143,0.008023354937785705,1.0
26,583270,C1S7,1,1,stable,1,0.9901925282774553,0.03688921590969713,1.8266148723692774,0.21268,0.019990630202692327,0.010007528524521359,0.9458286851709062,0.054171314829093785,0.9921690107003792,0.007830989299620755,1.0
27,590251,C1S7,1,1,stable,1,0.9903678747026656,0.03688921590969713,1.8339533851323497,0.21268,0.017878861155142218,0.009807471722544703,0.9458556314112277,0.05414436858877217,0.9923382237359797,0.007661776264020279,1.0
28,596414,C1S7,1,1,stable,1,0.9905268682638038,0.03688921590969713,1.8405580466191147,0.21268,0.016506591871485954,0.00963212529733437,0.9458800537123351,0.05411994628766497,0.9924874106884849,0.007512589311515161,1.0
29,603341,C1S7,1,1,stable,1,0.9906745338703271,0.03688921590969713,1.8465022419572032,0.21268,0.015587834164609316,0.009473131736196239,0.9459027266738351,0.0540972733261648,0.9926192121147078,0.007380787885292172,1.0
30,610808,C1S7,1,1,stable,1,0.9908139307531707,0.03688921590969713,1.851852017761483,0.21268,0.014947980176569321,0.009325466129672888,0.945924121816539,0.054075878183461115,0.9927358696695727,0.007264130330427254,1.0
31,617963,C1S7,1,1,stable,1,0.9909469489826965,0.03688921590969713,1.8566668159853348,0.21268,0.014480429654039171,0.009186069246829298,0.945944530501349,0.05405546949865111,0.9928392955309714,0.007160704469028578,1.0
32,654463,C1S7,1,1,stable,1,0.9910747788633759,0.03688921590969713,1.8610001343868012,0.21268,0.014120088402805585,0.00905305101730347,0.9459641363065181,0.0540358636934818,0.9929311281320904,0.007068871867909679,1.0
33,660584,C1S7,1,1,stable,1,0.9911981895536567,0.03688921590969713,1.864900120948121,0.21268,0.013827185723657803,0.008925221136624084,0.9459830579606516,0.05401694203934838,0.9930127771893468,0.006987222810653226,1.0
34,67014,C1S11,1,5,uncertain,1,0.9913176952345844,0.03688921590969713,1.868410108853309,0.21268,0.01357739770200067,0.008801810446343317,0.9353782373427437,0.06462176265725626,0.9903971329750293,0.009602867024970782,1.0
35,72715,C1S7,1,1,uncertain,1,0.5073882900353911,0.03688921590969713,1.7815690979679781,0.21268,0.5429370557619511,-0.8913176952345844,0.7887483770721244,0.21125162292787558,0.9877860752120252,0.012213924787974798,1.0
36,90393,C1S7,1,1,uncertain,1,0.8134623589771717,0.03688921590969713,1.7934121881711804,0.21268,0.621329259435936,0.4926117099646089,0.8979273914474114,0.10207260855258864,0.9881797462018104,0.011820253798189554,1.0
37,96736,C1S7,1,1,uncertain,1,0.9038809105003729,0.03688921590969713,1.8040709693540624,0.21268,0.48472014027525856,0.18653764102282833,0.9189061407243982,0.08109385927560166,0.9885233158139132,0.01147668418608676,1.0
38,103020,C1S7,1,1,uncertain,1,0.9373787532473489,0.03688921590969713,1.8136638724186562,0.21268,0.3485035378649314,0.09611908949962711,0.9256264720909462,0.07437352790905373,0.9888240785340539,0.011175921465946126,1.0
39,118454,C1S7,1,1,uncertain,1,0.9528258411975498,0.03688921590969713,1.8222974851767906,0.21268,0.24667487077054948,0.06262124675265113,0.9285497495836189,0.071450250416381,0.9890880944718812,0.010911905528118777,1.0
40,126345,C1S7,1,1,uncertain,1,0.9611430896685633,0.03688921590969713,1.8300677366591116,0.21268,0.17630941774379982,0.04717415880245024,0.9300794780525751,0.06992052194742483,0.989320429578578,0.01067957042142196,1.0
41,134088,C1S7,1,1,uncertain,1,0.9661595088983816,0.03688921590969713,1.8370609629932004,0.21268,0.1290997968451419,0.03885691033143668,0.9309874111563059,0.06901258884369402,0.9895253434185685,0.010474656581431466,1.0
42,141444,C1S7,1,1,uncertain,1,0.9694678965169962,0.03688921590969713,1.8433548666938804,0.21268,0.09776417276805614,0.03384049110161835,0.931580217725453,0.0684197822745471,0.9897064370436639,0.01029356295633612,1.0
43,148738,C1S11,1,5,uncertain,1,0.971818189626785,0.03688921590969713,1.8490193800244923,0.21268,0.07697776575063597,0.030532103483003836,0.9319984800312028,0.06800151996879733,0.9898667702816307,0.010133229718369309,1.0
44,170827,C1S7,1,1,uncertain,1,0.4755116463413696,0.03688921590969713,1.7641174420220431,0.21268,0.5692775732264526,-0.871818189626785,0.7734933564532072,0.22650664354679273,0.9871822638414453,0.012817736158554693,1.0
45,186671,C1S8,1,2,uncertain,2,0.8197121405092875,0.03688921590969713,1.777705697819839,0.21268,0.6562595561310498,0.5244883536586304,0.8995201449646795,0.1004798550353206,0.987654873564641,0.01234512643535898,0.0
46,199029,C1S7,1,1,uncertain,1,0.8197121405092875,0.06412923164330364,1.777705697819839,0.291412,0.4316222041328116,0.06311078409030288,0.8924132820349097,0.10758671796509023,0.9846568238547603,0.01534317614523976,1.0
47,206444,C1S7,1,1,uncertain,1,0.885904113852194,0.06412923164330364,1.789935128037855,0.291412,0.36714603817411445,0.18028785949071247,0.9089573148162603,0.09104268518373979,0.9851656557926032,0.014834344207396832,1.0
48,213188,C1S11,1,5,uncertain,1,0.918848748136385,0.06412923164330364,1.8009416152340696,0.291412,0.28874515459315225,0.11409588614780597,0.9163084207810671,0.0836915792189328,0.9856093717497661,0.014390628250233833,1.0
49,219055,C1S7,1,1,uncertain,1,0.3746776197202403,0.06412923164330364,1.7208474537106626,0.291412,0.6645563416377223,-0.818848748136385,0.7046490332332641,0.29535096676673583,0.9820564711079163,0.017943528892083734,1.0
50,226050,C1S7,1,1,uncertain,1,0.8586316393172327,0.06412923164330364,1.7387627083395962,0.291412,0.7739272331504892,0.6253223802797597,0.9024375443769448,0.09756245562305522,0.9829193693940729,0.01708063060592711,1.0
51,233600,C1S7,1,1,uncertain,1,0.9362679419014532,0.06412923164330364,1.7548864375056366,0.291412,0.5491773562999538,0.14136836068276726,0.9199735996303794,0.08002640036962069,0.9836610319441924,0.016338968055807562,1.0
52,254476,C1S7,1,1,uncertain,1,0.9597051289460081,0.06412923164330364,1.769397793755073,0.291412,0.3677456486391003,0.06373205809854676,0.9246737652877389,0.07532623471226105,0.9843013939420304,0.01569860605796955,1.0
53,277415,C1S11,1,5,uncertain,1,0.9695702930215103,0.06412923164330364,1.7824580143795656,0.291412,0.24482431181585532,0.040294871053991876,0.9265753032043935,0.0734246967956065,0.9848565640110389,0.015143435988961075,1.0
54,283624,C1S7,1,1,uncertain,1,0.38814362717949935,0.06412923164330364,1.704212212941609,0.291412,0.6686367629024194,-0.8695702930215103,0.7124351125215663,0.28756488747843356,0.9812169845870017,0.018783015412998375,1.0
55,290765,C1S7,1,1,uncertain,1,0.8582303584464843,0.06412923164330364,1.723790991647448,0.291412,0.7682958814337519,0.6118563728205006,0.9023385745657853,0.09766142543421465,0.9822011307808661,0.017798869219133873,1.0
56,297717,C1S7,1,1,uncertain,1,0.9356421562369549,0.06412923164330364,1.7414118924827033,0.291412,0.5460393137923605,0.14176964155351568,0.9198445038988942,0.08015549610110595,0.9830434594716188,0.016956540528381234,1.0
57,303573,C1S7,1,1,uncertain,1,0.9592124631765695,0.06412923164330364,1.757270703234433,0.291412,0.3662382945332433,0.0643578437630451,0.9245776262789892,0.07542237372101086,0.9837679820303579,0.0162320179696422,1.0
58,310925,C1S7,1,1,uncertain,1,0.9691734118272981,0.06412923164330364,1.7715436329109897,0.291412,0.24421549881400428,0.040787536823430504,0.9264996639374794,0.0735003360625206,0.9843939662706286,0.01560603372937146,1.0
59,338874,C1S11,1,5,uncertain,1,0.9742605773147179,0.06412923164330364,1.7843892696198906,0.291412,0.16502525219202369,0.030826588172701896,0.9274637832755863,0.07253621672441357,0.9849370012005471,0.01506299879945293,1.0
60,346410,C1S7,1,1,uncertain,1,0.42909659973497627,0.06412923164330364,1.7059503426579017,0.291412,0.623571497704045,-0.874260577314718,0.7353442108095205,0.26465578919047955,0.9813064703236707,0.018693529676329278,1.0
61,353063,C1S7,1,1,uncertain,1,0.8382544682040314,0.06412923164330364,1.7253553083921116,0.291412,0.7166849387814411,0.5709034002650237,0.8972974680767045,0.10270253192329551,0.9822775422545644,0.017722457745435537,1.0
62,359237,C1S7,1,1,uncertain,1,0.923503790369627,0.06412923164330364,1.7428197775529004,0.291412,0.5270582823464458,0.16174553179596862,0.9173025635967167,0.08269743640328327,0.9831090450644848,0.01689095493551515,1.0
63,384134,C1S7,1,1,uncertain,1,0.9512055689345942,0.06412923164330364,1.7585377997976104,0.291412,0.36213269518609126,0.07649620963037296,0.9229992844375255,0.07700071556247445,0.983824539207817,0.016175460792183016,1.0
64,391618,C1S7,1,1,uncertain,1,0.9632361421354646,0.06412923164330364,1.7726840198178493,0.291412,0.24655627575089822,0.04879443106540582,0.9253595203104428,0.07464047968955731,0.9844429441707011,0.01555705582929891,1.0
65,399322,C1S7,1,1,uncertain,1,0.969485706808904,0.06412923164330364,1.7854156178360643,0.291412,0.16999208016926018,0.0367638578645354,0.9265591884247814,0.07344081157521873,0.9849795774643129,0.015020422535687139,1.0
66,406187,C1S7,1,1,uncertain,1,0.9731566929669447,0.06412923164330364,1.7968740560524579,0.291412,0.1203038240162137,0.030514293191095998,0.9272555705322786,0.0727444294677215,0.9854469364616865,0.0145530635383136,1.0
67,413756,C1S7,1,1,uncertain,1,0.975526642337618,0.06412923164330364,1.807186650447212,0.291412,0.08828827862956137,0.026843307033055264,0.9277019098352395,0.07229809016476045,0.9858552920181465,0.01414470798185351,1.0
68,453358,C1S7,1,1,uncertain,1,0.9771824358509589,0.06412923164330364,1.8164679854024908,0.291412,0.06765698177516602,0.02447335766238201,0.9280122502874795,0.07198774971252063,0.9862131430756039,0.013786856924396122,1.0
69,491075,C1S7,1,1,uncertain,1,0.9784210811042474,0.06412923164330364,1.8248211868622417,0.291412,0.054284727554524285,0.022817564149041125,0.9282436019595625,0.07175639804043761,0.9865275676860047,0.01347243231399534,1.0
70,503861,C1S7,1,1,uncertain,1,0.9794033143885793,0.06412923164330364,1.8323390681760174,0.291412,0.04551818787016612,0.021578918895752586,0.9284265736067261,0.07157342639327384,0.9868044962033844,0.013195503796615587,1.0
71,509741,C1S7,1,1,uncertain,1,0.9802203627465828,0.06412923164330364,1.8391051613584157,0.291412,0.03966892408895209,0.020596685611420695,0.9285784462386991,0.07142155376130098,0.9870489255174655,0.012951074482534526,1.0
72,517055,C1S7,1,1,uncertain,1,0.9809258853337365,0.06412923164330364,1.8451946452225743,0.291412,0.0356691368054216,0.019779637253417248,0.9287093491089327,0.07129065089106729,0.9872650882770283,0.012734911722971698,1.0
73,524013,C1S7,1,1,uncertain,1,0.9815523927672015,0.06412923164330364,1.8506751807003168,0.291412,0.03284595088301107,0.01907411466626352,0.9288254057660129,0.07117459423398712,0.9874565874944043,0.012543412505595646,1.0
74,531093,C1S7,1,1,uncertain,1,0.9821201388154174,0.06412923164330364,1.855607662630285,0.291412,0.03077613486948573,0.01844760723279848,0.9289304265336967,0.07106957346630327,0.9876265043323098,0.012373495667690259,1.0
75,576426,C1S8,1,2,uncertain,2,0.982642116288564,0.06412923164330364,1.8600468963672565,0.291412,0.02919359763244101,0.017879861184582624,0.9290268548178505,0.07097314518214953,0.987777484973099,0.012222515026901012,0.0
76,582520,C1S11,1,5,uncertain,1,0.982642116288564,0.06552957692370663,1.8600468963672565,0.3622708,0.039038619593482426,0.035870768356696364,0.9287678868129848,0.07123211318701528,0.9851350562133546,0.01486494378664539,1.0
77,591445,C1S8,1,2,uncertain,2,0.49453357513176577,0.06552957692370663,1.7740422067305308,0.3622708,0.5530084415292278,-0.882642116288564,0.7687401782725167,0.23125982172748316,0.981163819794157,0.01883618020584299,0.0
78,599787,C1S8,1,2,uncertain,2,0.49453357513176577,0.0776799639305063,1.7740422067305308,0.42604372,0.3524873187633127,0.034470423076293374,0.7626367396583102,0.23736326034168964,0.9775639739359007,0.022436026064099335,0.0
79,608738,C1S8,1,2,uncertain,2,0.49453357513176577,0.08269939213789416,1.7740422067305308,0.483439348,0.22488441289968383,0.022320036069493704,0.7600832014556818,0.23991679854431827,0.9737550962748837,0.026244903725116366,0.0
80,617732,C1S8,1,2,uncertain,2,0.49453357513176577,0.08521336098245957,1.7740422067305308,0.5350954132,0.14531101245707378,0.01730060786210584,0.7587972228798502,0.24120277712014987,0.9697942321280525,0.030205767871947474,0.0
81,626078,C1S8,1,2,uncertain,2,0.49453357513176577,0.08663374469040624,1.7740422067305308,0.58158587188,0.09605859088476852,0.014786639017540432,0.7580685738224904,0.24193142617750957,0.9657387289235878,0.03426127107641222,0.0
82,633244,C1S8,1,2,uncertain,2,0.49453357513176577,0.08751130494927437,1.7740422067305308,0.623427284692,0.06565490771661738,0.01336625530959376,0.7576176418593165,0.24238235814068354,0.961643573284413,0.03835642671558702,0.0
83,645604,C1S7,1,1,uncertain,1,0.49453357513176577,0.0880968519243502,1.7740422067305308,0.6610845562228,0.04688616166040581,0.01248869505072564,0.7573164423680754,0.2426835576319247,0.957559364114968,0.04244063588503201,1.0
84,652920,C1S7,1,1,uncertain,1,0.662050987439378,0.0880968519243502,1.7866379860574777,0.6610845562228,0.33141155191718397,0.5054664248682342,0.8330044166847059,0.16699558331529402,0.9589697370928235,0.04103026290717653,1.0
85,659028,C1S7,1,1,uncertain,1,0.797776832526755,0.0880968519243502,1.7979741874517299,0.6610845562228,0.40161633868668356,0.33794901256062204,0.8794364119240458,0.12056358807595427,0.9602006222900636,0.03979937770993647,1.0
86,674555,C1S7,1,1,uncertain,1,0.8710430350754395,0.0880968519243502,1.8081767687065569,0.6610845562228,0.3623037036959571,0.20222316747324498,0.8995513342269497,0.1004486657730503,0.9612780915595897,0.03872190844041046,1.0
87,688636,C1S7,1,1,uncertain,1,0.9090539259627068,0.0880968519243502,1.8173590918359013,0.6610845562228,0.29475640117231056,0.12895696492456055,0.9087676421618672,0.09123235783813272,0.9622238330948352,0.03777616690516493,1.0
88,695374,C1S11,1,5,uncertain,1,0.9301008014827747,0.0880968519243502,1.825623182652311,0.6610845562228,0.23142148512576222,0.09094607403729316,0.9135372967520367,0.08646270324796339,0.9630559944815977,0.03694400551840234,1.0
89,701807,C1S7,1,1,uncertain,1,0.4013985009394302,0.0880968519243502,1.74306086438708,0.6610845562228,0.6369133719651221,-0.8301008014827748,0.7062509128770751,0.29374908712292497,0.9538906662745541,0.04610933372544593,1.0
90,82111,C1S10,1,4,reverse,1,0.8451471332839937,0.0880968519243502,1.7587547779483719,0.6610845562228,0.7413089226154151,0.5986014990605698,0.8409763518716827,0.15902364812831735,0.9179545477565725,0.08204545224342753,1.0
91,97091,C1S10,1,4,reverse,1,-2.018288052860698,0.0880968519243502,1.5728793001535346,0.6610845562228,1.5518736335396452,-1.8451471332839937,0.009621883309481992,0.990378116690518,0.8814202123405368,0.11857978765946323,1.0
92,121149,C1S9,1,3,reverse,2,-0.44798908935163406,0.0880968519243502,1.4055913701381813,0.6610845562228,1.5420970118402058,1.0182880528606981,0.23516206071068546,0.7648379392893145,0.837251030145244,0.1627489698547559,0.0
93,129485,C1S9,1,3,reverse,2,-0.44798908935163406,0.09919534833218735,1.4055913701381813,0.6949761006005201,0.9324000959495133,0.011903148075649808,0.23079888442611488,0.7692011155738852,0.8268340451916468,0.1731659548083532,0.0
94,146344,C1S9,1,3,reverse,2,-0.44798908935163406,0.09964589118613593,1.4055913701381813,0.7254784905404681,0.5599228485703955,0.0008046516678126558,0.23062296390851383,0.7693770360914861,0.8170142618859493,0.18298573811405078,0.0
95,152389,C1S10,1,4,reverse,1,-0.44798908935163406,0.09976493059142476,1.4055913701381813,0.7529306414864213,0.33616617443055574,0.0003541088138640791,0.2305764990564296,0.7694235009435704,0.8078117367667866,0.19218826323321342,1.0
96,168401,C1S9,1,3,reverse,2,-0.7421591542824901,0.09976493059142476,1.255032233124363,0.7529306414864213,0.532906251047353,-0.5520109106483659,0.13561093190407567,0.8643890680959243,0.7511254077700921,0.24887459222990796,0.0
97,184610,C1S9,1,3,reverse,2,-0.7421591542824901,0.09984012572035672,1.255032233124363,0.7776375773377792,0.319884792273557,0.0002350694085752475,0.13559154135194076,0.8644084586480592,0.7408264058221904,0.25917359417780955,0.0
98,193523,C1S9,1,3,reverse,2,-0.7421591542824901,0.09987082586666804,1.255032233124363,0.7998738196040013,0.19202679993192018,0.00015987427964328504,0.13558362538370722,0.8644163746162927,0.7313236291120717,0.26867637088792834,0.0
99,218243,C1S9,1,3,reverse,2,-0.7421591542824901,0.09988571881551671,1.255032233124363,0.8198864376436011,0.11529358443915129,0.00012917413333196626,0.13557978540849658,0.8644202145915034,0.7225850541012374,0.2774149458987626,0.0
100,234521,C1S9,1,3,reverse,2,-0.7421591542824901,0.09989363218406601,1.255032233124363,0.837897793879241,0.06924471937418075,0.0001142811844832975,0.1355777450749289,0.8644222549250711,0.7145723696602706,0.28542763033972934,0.0
101,257247,C1S9,1,3,reverse,2,-0.7421591542824901,0.09989805821827225,1.255032233124363,0.8541080144913169,0.04161065231406885,0.00010636781593399702,0.13557660390517692,0.864423396094823,0.7072433896125299,0.29275661038747014,0.0
102,283470,C1S9,1,3,reverse,2,-0.7421591542824901,0.0999006095719698,1.255032233124363,0.8686972130421852,0.025027556457477968,0.00010194178172776014,0.13557594609024742,0.8644240539097525,0.7005539358874031,0.2994460641125969,0.0
103,291942,C1S9,1,3,reverse,2,-0.7421591542824901,0.09990210799877343,1.255032233124363,0.8818274917379667,0.0150761681313049,9.939042803019937e-05,0.1355755597524681,0.8644244402475318,0.6944592719586833,0.3055407280413167,0.0
104,341391,C1S10,1,4,reverse,1,-0.7421591542824901,0.09990299925024129,1.255032233124363,0.89364474256417,0.009104436079518885,9.78920012265766e-05,0.13557532996249613,0.8644246700375038,0.6889151649684083,0.31108483503159157,1.0
105,387500,C1S9,1,3,reverse,2,-0.7834567926137971,0.09990299925024129,1.1195290098119268,0.89364474256417,0.16016716907821726,-0.25784084571750987,0.12527573291344662,0.8747242670865535,0.6217412179664157,0.3782587820335843,0.0
106,420759,C1S9,1,3,reverse,2,-0.7834567926137971,0.09991232669702095,1.1195290098119268,0.904280268307753,0.09615850189678558,9.700074975871331e-05,0.1252734842718076,0.8747265157281925,0.6162229940952877,0.38377700590471225,0.0
107,436560,C1S9,1,3,reverse,2,-0.7834567926137971,0.09991738962906827,1.1195290098119268,0.9138522414769776,0.05774770511985878,8.767330297905496e-05,0.12527226372506797,0.874727736274932,0.6112308267154034,0.38876917328459665,0.0
108,444326,C1S9,1,3,reverse,2,-0.7834567926137971,0.09992025605935655,1.1195290098119268,0.9224670173292798,0.03469818929447431,8.26103709317405e-05,0.12527157270467904,0.874728427295321,0.6067178072150133,0.39328219278498666,0.0
109,451364,C1S9,1,3,reverse,2,-0.7834567926137971,0.0999219200570227,1.1195290098119268,0.9302203155963519,0.02086675994107066,7.974394064345913e-05,0.12527117156043194,0.8747288284395681,0.6026404297333089,0.39735957026669105,0.0
110,458893,C1S9,1,3,reverse,2,-0.7834567926137971,0.099922901280165,1.1195290098119268,0.9371982840367167,0.012566903930428776,7.807994297730214e-05,0.12527093501493172,0.8747290649850683,0.5989585471648211,0.4010414528351789,0.0
111,466568,C1S9,1,3,reverse,2,-0.7834567926137971,0.09992348618201576,1.1195290098119268,0.943478455633045,0.007586401590158271,7.709871983500871e-05,0.12527079401161018,0.8747292059883899,0.5956352628360413,0.4043647371639587,0.0
112,536171,C1S10,1,4,reverse,1,-0.7834567926137971,0.09992383797336461,1.1195290098119268,0.9491306100697405,0.004597749244885513,7.651381798425005e-05,0.12527070920471428,0.8747292907952857,0.5926367801542936,0.40736321984570645,1.0
113,551927,C1S9,1,3,reverse,2,-0.8121887358338066,0.09992383797336461,0.9975761088307341,0.9491306100697405,0.13268457397865305,-0.21654320738620292,0.1185067250388479,0.881493274961152,0.5266198304965124,0.4733801695034877,0.0
114,559489,C1S9,1,3,reverse,2,-0.8121887358338066,0.09992990476939168,0.9975761088307341,0.9542175490627665,0.07965644160317306,7.616202663539295e-05,0.11850533078496388,0.8814946692150362,0.5238291421069532,0.47617085789304686,0.0
115,598668,C1S9,1,3,reverse,2,-0.8121887358338066,0.09993325783938266,0.9975761088307341,0.9587957941564899,0.04783592210026883,7.009523060833023e-05,0.11850456019800547,0.8814954398019945,0.521316244670589,0.4786837553294109,0.0
116,607033,C1S9,1,3,reverse,2,-0.8121887358338066,0.09993517611576992,0.9975761088307341,0.9629162147408409,0.028741598556531706,6.674216061734739e-05,0.11850411935059374,0.8814958806494062,0.5190537105940659,0.48094628940593415,0.0
117,622000,C1S9,1,3,reverse,2,-0.8121887358338066,0.09993629652228596,0.9975761088307341,0.9666245932667568,0.017283853464457072,6.482388423008356e-05,0.11850386186577234,0.8814961381342277,0.5170167589313281,0.48298324106867185,0.0
118,630751,C1S9,1,3,reverse,2,-0.8121887358338066,0.0999369595821102,0.9975761088307341,0.9699621339400811,0.01040853416530267,6.370347771404716e-05,0.11850370948573669,0.8814962905142633,0.5151830168731818,0.4848169831268181,0.0
119,638685,C1S9,1,3,reverse,2,-0.8121887358338066,0.09993735566157282,0.9975761088307341,0.972965920546073,0.006282944749915485,6.304041788980641e-05,0.1185036184614478,0.8814963815385521,0.5135322980020468,0.48646770199795325,0.0
120,653528,C1S9,1,3,reverse,2,-0.8121887358338066,0.09993759417071103,0.9975761088307341,0.9756693284914657,0.0038073534530056047,6.264433842718964e-05,0.11850356364892863,0.8814964363510713,0.5120463975460346,0.4879536024539654,0.0
121,669066,C1S9,1,3,reverse,2,-0.8121887358338066,0.09993773906803333,0.9975761088307341,0.9781023956423192,0.002321855569376746,6.240582928897231e-05,0.11850353034963972,0.8814964696503603,0.5107089043309049,0.4892910956690952,0.0
122,676159,C1S9,1,3,reverse,2,-0.8121887358338066,0.0999378281304225,0.9975761088307341,0.9802921560780873,0.001430469900806055,6.226093196667892e-05,0.11850350988194855,0.8814964901180514,0.5095050287826073,0.4904949712173926,0.0
123,684084,C1S9,1,3,reverse,2,-0.8121887358338066,0.09993788381062019,0.9975761088307341,0.9822629404702785,0.0008955850622301371,6.217186957750698e-05,0.11850349708591913,0.8814965029140809,0.5084214461222576,0.4915785538777424,0.0
124,714127,C1S9,1,3,reverse,2,-0.8121887358338066,0.09993791950387157,0.9975761088307341,0.9840366464232506,0.0005746207509659732,6.211618937981833e-05,0.11850348888314904,0.881496511116851,0.5074461537794792,0.49255384622052073,0.0
125,734751,C1S9,1,3,reverse,2,-0.8121887358338066,0.09993794321990915,0.9975761088307341,0.9856329817809255,0.00038202074825664556,6.208049612843602e-05,0.11850348343289764,0.8814965165671024,0.5065683419999406,0.4934316580000594,0.0
126,743247,C1S10,1,4,reverse,1,-0.8121887358338066,0.09993795975472206,0.9975761088307341,0.987069683602833,0.000266446517008502,6.20567800908578e-05,0.11850347963298441,0.8814965203670156,0.5057782766175611,0.49422172338243886,1.0
127,792247,C1S9,1,3,reverse,2,-0.833382603396744,0.09993795975472206,0.8878184979476607,0.987069683602833,0.11284662640992114,-0.18781126416619343,0.11371883107392312,0.8862811689260768,0.44562770597966095,0.554372294020339,0.0
128,808742,C1S9,1,3,reverse,2,-0.833382603396744,0.09994216268354603,0.8878184979476607,0.9883627152425497,0.06774519999311945,6.204024527795005e-05,0.11371789915726752,0.8862821008427324,0.4449250575597581,0.5550749424402419,0.0
129,815804,C1S9,1,3,reverse,2,-0.833382603396744,0.09994451561098128,0.8878184979476607,0.9895264437182947,0.04068182238574406,5.783731645397916e-05,0.11371737744487556,0.8862826225551244,0.44429286211772523,0.5557071378822748,0.0
130,823795,C1S9,1,3,reverse,2,-0.833382603396744,0.09994587178172727,0.8878184979476607,0.9905737993464652,0.024442384064857676,5.548438901872843e-05,0.11371707674335667,0.8862829232566433,0.4437240403226369,0.5562759596773631,0.0
131,832317,C1S9,1,3,reverse,2,-0.833382603396744,0.09994666735326554,0.8878184979476607,0.9915164194118187,0.014697907369878244,5.412821827273373e-05,0.11371690034290473,0.8862830996570952,0.44321222677743577,0.5567877732225642,0.0
132,840899,C1S9,1,3,reverse,2,-0.833382603396744,0.09994713938686917,0.8878184979476607,0.9923647774706368,0.008850744009967623,5.333264673446081e-05,0.11371679567997084,0.8862832043200292,0.44275169761202204,0.5572483023879778,0.0
133,889430,C1S9,1,3,reverse,2,-0.833382603396744,0.09994742177686884,0.8878184979476607,0.9931282997235731,0.005342162773859078,5.286061313083956e-05,0.11371673306632069,0.8862832669336793,0.4423373054751315,0.5576626945248686,0.0
134,898338,C1S9,1,3,reverse,2,-0.833382603396744,0.09994759196440636,0.8878184979476607,0.9938154697512158,0.003236844598194145,5.257822313116389e-05,0.11371669533106503,0.8862833046689349,0.44196442116447815,0.5580355788355219,0.0
135,903795,C1S10,1,4,reverse,1,-0.833382603396744,0.09994769539436783,0.8878184979476607,0.9944339227760942,0.0019735515802726724,5.240803559364293e-05,0.11371667239780452,0.8862833276021954,0.4416288812120528,0.5583711187879472,1.0
136,919964,C1S9,1,3,reverse,2,-0.8502367143230724,0.09994769539436783,0.7890366481528945,0.9944339227760942,0.10115456891011722,-0.16661739660325603,0.11003283952011524,0.8899671604798848,0.38891529726135216,0.6110847027386478,0.0
137,973847,C1S9,1,3,reverse,2,-0.8502367143230724,0.09995087154573173,0.7890366481528945,0.9949905304984847,0.06072412410944963,5.230460563217243e-05,0.1100321552635221,0.8899678447364779,0.3886243131874174,0.6113756868125825,0.0
138,982384,C1S9,1,3,reverse,2,-0.8502367143230724,0.09995266296330732,0.7890366481528945,0.9954914774486363,0.03646395153823074,4.912845426827128e-05,0.1100317693297543,0.8899682306702457,0.38836249536847656,0.6116375046315234,0.0
139,989809,C1S9,1,3,reverse,2,-0.8502367143230724,0.0999536999650315,0.7890366481528945,0.9959423297037727,0.021906773144954053,4.7337036692685075e-05,0.11003154592399063,0.8899684540760093,0.3881269144040827,0.6118730855959172,0.0
140,997750,C1S9,1,3,reverse,2,-0.8502367143230724,0.09995430982186504,0.7890366481528945,0.9963480967333954,0.013171843907953533,4.630003496849944e-05,0.11003141454008265,0.8899685854599173,0.387914936229525,0.612085063770475,0.0
141,1005531,C1S9,1,3,reverse,2,-0.8502367143230724,0.09995467216875718,0.7890366481528945,0.9967132870600559,0.007930520451653099,4.569017813496612e-05,0.1100313364783009,0.8899686635216991,0.3877241921356528,0.6122758078643472,0.0
142,1013762,C1S9,1,3,reverse,2,-0.8502367143230724,0.09995488908550017,0.7890366481528945,0.9970419583540503,0.004785508969737552,4.532783124282236e-05,0.11003128974711761,0.8899687102528824,0.3875525518692375,0.6124474481307625,0.0
