,time_step,outcome_type,stimulus,outcome,stage,exp_outcome,go_Q_lick,go_Q_nolick,nogo_Q_lick,nogo_Q_nolick,go_Q_lick_ql,go_Q_nolick_ql,nogo_Q_lick_ql,nogo_Q_nolick_ql,alpha,Q_PE,go_P_lick,go_P_nolick,go_P_lick_ql,go_P_nolick_ql,nogo_P_lick,nogo_P_nolick,nogo_P_lick_ql,nogo_P_nolick_ql,motivation
0,38624,C1S9,0,3,stable,2,0.98,0.028,0.028,0.028,0.98,0.028,0.98,0.028,0.1,0.0,0.9456280030042419,0.0543719969957581,0.9456280030042419,0.054371996995758086,0.5,0.5,0.9456280030042419,0.05437199699575811,0.0
1,44137,C1S7,1,1,stable,1,0.98,0.028,0.028,0.0325792,0.98,0.028,0.98,0.1252,0.0636,0.0,0.9456280030042419,0.0543719969957581,0.9456280030042419,0.054371996995758086,0.496565654011118,0.503434345988882,0.9285349830171539,0.07146501698284617,1.0
2,54836,C1S7,1,1,stable,1,0.98144,0.028,0.028,0.0325792,1.072,0.028,0.98,0.1252,0.07200000000000001,0.020000000000000018,0.9458496916341086,0.05415030836589136,0.9581935836809882,0.04180641631901182,0.496565654011118,0.503434345988882,0.9285349830171539,0.07146501698284617,1.0
3,64424,C1S7,1,1,stable,1,0.98244847616,0.028,0.028,0.0325792,1.1548,0.028,0.98,0.1252,0.054336000000000016,0.01856000000000002,0.9460044393336439,0.05399556066635613,0.9670863397214403,0.032913660278559714,0.496565654011118,0.503434345988882,0.9285349830171539,0.07146501698284617,1.0
4,71326,C1S7,1,1,stable,1,0.9832055175130858,0.028,0.028,0.0325792,1.22932,0.028,0.98,0.1252,0.04313251430400002,0.017551523840000027,0.9461203310015258,0.053879668998474274,0.9735053372425845,0.026494662757415566,0.496565654011118,0.503434345988882,0.9285349830171539,0.07146501698284617,1.0
5,78138,C1S7,1,1,stable,1,0.9838093832519449,0.028,0.028,0.0325792,1.2963879999999999,0.028,0.98,0.1252,0.035956198074548515,0.016794482486914175,0.9462126055586173,0.05378739444138277,0.9782289790226177,0.02177102097738231,0.496565654011118,0.503434345988882,0.9285349830171539,0.07146501698284617,1.0
6,85836,C1S7,1,1,stable,1,0.9843159567079997,0.028,0.028,0.0325792,1.3567491999999999,0.028,0.98,0.1252,0.031288088893562174,0.01619061674805511,0.94628989825065,0.05371010174935004,0.9817692683943753,0.018230731605624682,0.496565654011118,0.503434345988882,0.9285349830171539,0.07146501698284617,1.0
7,97570,C1S9,0,3,stable,2,0.9847579844808292,0.028,0.028,0.0325792,1.4110742799999998,0.028,0.98,0.1252,0.028183279311337513,0.01568404329200035,0.946357256994609,0.053642743005390986,0.9844683648046135,0.015531635195386485,0.496565654011118,0.503434345988882,0.9285349830171539,0.07146501698284617,0.0
8,105161,C1S9,0,3,stable,2,0.9847579844808292,0.028,0.028,0.035379255941632,1.4110742799999998,0.028,0.98,0.21268,0.04153104,0.01568404329200035,0.946357256994609,0.053642743005390986,0.9844683648046135,0.015531635195386485,0.49446578405966135,0.5055342159403386,0.9090392353005569,0.0909607646994431,0.0
9,117972,C1S7,1,1,stable,1,0.9847579844808292,0.028,0.028,0.037198307993555564,1.4110742799999998,0.028,0.98,0.291412,0.028149661202918397,0.01568404329200035,0.946357256994609,0.053642743005390986,0.9844683648046135,0.015531635195386485,0.4931017067418757,0.5068982932581243,0.8875308181083204,0.1124691818916796,1.0
10,125054,C1S7,1,1,stable,1,0.9851551178914679,0.028,0.028,0.037198307993555564,1.4599668519999998,0.028,0.98,0.291412,0.026055176898304996,0.015242015519170815,0.9464177065110165,0.05358229348898342,0.9865588297628947,0.013441170237105423,0.4931017067418757,0.5068982932581243,0.8875308181083204,0.1124691818916796,1.0
11,134391,C1S9,0,3,stable,2,0.9855194118239811,0.028,0.028,0.037198307993555564,1.5039701667999998,0.028,0.98,0.291412,0.02454003540410224,0.014844882108532076,0.9464731008612419,0.05352689913875819,0.9882014566369666,0.011798543363033568,0.4931017067418757,0.5068982932581243,0.8875308181083204,0.1124691818916796,0.0
12,142674,C1S9,0,3,stable,2,0.9855194118239811,0.028,0.028,0.03845621843127004,1.5039701667999998,0.028,0.98,0.3622708,0.02002988132207326,0.014844882108532076,0.9464731008612419,0.05352689913875819,0.9882014566369666,0.011798543363033568,0.4921584791658329,0.5078415208341671,0.8645009295242351,0.13549907047576482,0.0
13,149145,C1S7,1,1,stable,1,0.9855194118239811,0.028,0.028,0.039385229068318976,1.5039701667999998,0.028,0.98,0.42604372,0.015095117871680453,0.014844882108532076,0.9464731008612419,0.05352689913875819,0.9882014566369666,0.011798543363033568,0.49146190823524727,0.5085380917647527,0.8404887131024712,0.1595112868975289,1.0
14,156233,C1S7,1,1,stable,1,0.9858584367722422,0.028,0.028,0.039385229068318976,1.5435731501199998,0.028,0.98,0.42604372,0.023412374148072707,0.014480588176018938,0.9465246042813462,0.053475395718653757,0.9895092941564887,0.01049070584351135,0.49146190823524727,0.5085380917647527,0.8404887131024712,0.1595112868975289,1.0
15,164311,C1S9,0,3,stable,2,0.9861770796001531,0.028,0.028,0.039385229068318976,1.579215835108,0.028,0.98,0.42604372,0.022532362425498324,0.014141563227757836,0.9465729686972237,0.053427031302776276,0.9905631137638528,0.009436886236147333,0.49146190823524727,0.5085380917647527,0.8404887131024712,0.1595112868975289,0.0
16,169418,C1S7,1,1,stable,1,0.9861770796001531,0.028,0.028,0.04011792885826117,1.579215835108,0.028,0.98,0.483439348,0.012087809269592324,0.014141563227757836,0.9465729686972237,0.053427031302776276,0.9905631137638528,0.009436886236147333,0.4909125541632941,0.5090874458367058,0.816030531118301,0.18396946888169885,1.0
17,182448,C1S7,1,1,stable,1,0.9864786013085183,0.028,0.028,0.04011792885826117,1.6112942515972,0.028,0.98,0.483439348,0.02181316969520713,0.013822920399846894,0.9466186964176316,0.05338130358236838,0.9914215174858863,0.008578482514113854,0.4909125541632941,0.5090874458367058,0.816030531118301,0.18396946888169885,1.0
18,190415,C1S9,0,3,stable,2,0.9867652649805669,0.028,0.028,0.04011792885826117,1.64016482643748,0.028,0.98,0.483439348,0.02120074103201331,0.013521398691481723,0.9466621365725482,0.05333786342745179,0.9921276446968643,0.007872355303135771,0.4909125541632941,0.5090874458367058,0.816030531118301,0.18396946888169885,0.0
19,198132,C1S9,0,3,stable,2,0.9867652649805669,0.028,0.028,0.04073152781325008,1.64016482643748,0.028,0.98,0.5350954132,0.010246789118842336,0.013521398691481723,0.9466621365725482,0.05333786342745179,0.9921276446968643,0.007872355303135771,0.4904525147886438,0.5095474852113562,0.7916192771028497,0.20838072289715034,0.0
20,204739,C1S7,1,1,stable,1,0.9867652649805669,0.028,0.028,0.04127155232455382,1.64016482643748,0.028,0.98,0.58158587188,0.009111497080642898,0.013521398691481723,0.9466621365725482,0.05333786342745179,0.9921276446968643,0.007872355303135771,0.4900476504329598,0.5099523495670403,0.7676773490949856,0.23232265090501436,1.0
21,213876,C1S9,0,3,stable,2,0.9870387116210523,0.028,0.028,0.04127155232455382,1.666148343793732,0.028,0.98,0.58158587188,0.020661285630867825,0.013234735019433064,0.9467035427693329,0.053296457230667164,0.9927136898715455,0.007286310128454396,0.4900476504329598,0.5099523495670403,0.7676773490949856,0.23232265090501436,0.0
22,219450,C1S7,1,1,stable,1,0.9870387116210523,0.028,0.028,0.04176506630059951,1.666148343793732,0.028,0.98,0.623427284692,0.008403320632158049,0.013234735019433064,0.9467035427693329,0.053296457230667164,0.9927136898715455,0.007286310128454396,0.4896776671167508,0.5103223328832492,0.7445433112806565,0.2554566887193435,1.0
23,226528,C1S7,1,1,stable,1,0.9873001867477225,0.028,0.028,0.04176506630059951,1.6895335094143586,0.028,0.98,0.623427284692,0.020173544405889327,0.012961288378947722,0.9467431078272206,0.05325689217277945,0.9932039908947685,0.00679600910523139,0.4896776671167508,0.5103223328832492,0.7445433112806565,0.2554566887193435,1.0
24,235528,C1S9,0,3,stable,2,0.9875506780496629,0.028,0.028,0.04176506630059951,1.7105801584729228,0.028,0.98,0.623427284692,0.019724014594900117,0.012699813252277536,0.9467809848714324,0.05321901512856763,0.9936171703581235,0.006382829641876537,0.4896776671167508,0.5103223328832492,0.7445433112806565,0.2554566887193435,0.0
25,243765,C1S9,0,3,stable,2,0.9875506780496629,0.028,0.028,0.042228251767669304,1.7105801584729228,0.028,0.98,0.6610845562228,0.007953739064264855,0.012699813252277536,0.9467809848714324,0.05321901512856763,0.9936171703581235,0.006382829641876537,0.48933043111089514,0.510669568889105,0.7224698937612573,0.2775301062387428,0.0
26,252162,C1S9,0,3,stable,2,0.9875506780496629,0.028,0.028,0.04267083135879611,1.7105801584729228,0.028,0.98,0.6949761006005201,0.007660830850175448,0.012699813252277536,0.9467809848714324,0.05321901512856763,0.9936171703581235,0.006382829641876537,0.48899865231578604,0.511001347684214,0.7016299635173918,0.29837003648260824,0.0
27,257633,C1S7,1,1,stable,1,0.9875506780496629,0.028,0.028,0.043098676475895555,1.7105801584729228,0.028,0.98,0.7254784905404681,0.0074629569421654635,0.012699813252277536,0.9467809848714324,0.05321901512856763,0.9936171703581235,0.006382829641876537,0.4886779283966488,0.5113220716033512,0.6821271307057649,0.3178728692942351,1.0
28,265828,C1S9,0,3,stable,2,0.9877909997845838,0.028,0.028,0.043098676475895555,1.7295221426256304,0.028,0.98,0.7254784905404681,0.01930400192714233,0.0124493219503371,0.9468173002668325,0.05318269973316754,0.9939676405258744,0.006032359474125625,0.4886779283966488,0.5113220716033512,0.6821271307057649,0.3178728692942351,0.0
29,273477,C1S9,0,3,stable,2,0.9877909997845838,0.028,0.028,0.04351535578328287,1.7295221426256304,0.028,0.98,0.7529306414864213,0.007322840341504501,0.0124493219503371,0.9468173002668325,0.05318269973316754,0.9939676405258744,0.006032359474125625,0.48836558361889515,0.5116344163811049,0.6640082739907565,0.33599172600924343,0.0
30,282411,C1S9,0,3,stable,2,0.9877909997845838,0.028,0.028,0.04392305835370475,1.7295221426256304,0.028,0.98,0.7776375773377792,0.007217936415738557,0.0124493219503371,0.9468173002668325,0.05318269973316754,0.9939676405258744,0.006032359474125625,0.488059976637434,0.5119400233625659,0.6472760825653525,0.3527239174346475,0.0
31,288452,C1S7,1,1,stable,1,0.9877909997845838,0.028,0.028,0.04432314540244007,1.7295221426256304,0.028,0.98,0.7998738196040013,0.007134608931757897,0.0124493219503371,0.9468173002668325,0.05318269973316754,0.9939676405258744,0.006032359474125625,0.4877600867988697,0.5122399132011304,0.6319004716695028,0.3680995283304972,1.0
32,295088,C1S7,1,1,stable,1,0.9880218451345519,0.028,0.028,0.04432314540244007,1.7465699283630673,0.028,0.98,0.7998738196040013,0.01890780128553509,0.012209000215416155,0.9468521616461795,0.05314783835382065,0.9942666748367854,0.0057333251632145175,0.4877600867988697,0.5122399132011304,0.6319004716695028,0.3680995283304972,1.0
33,308933,C1S9,0,3,stable,2,0.9882438191941183,0.028,0.028,0.04432314540244007,1.7619129355267606,0.028,0.98,0.7998738196040013,0.018531573690589893,0.011978154865448065,0.9468856629747708,0.053114337025229295,0.9945231802228698,0.005476819777130187,0.4877600867988697,0.5122399132011304,0.6319004716695028,0.3680995283304972,0.0
34,314186,C1S7,1,1,stable,1,0.9882438191941183,0.028,0.028,0.04471648055979632,1.7619129355267606,0.028,0.98,0.8198864376436011,0.0070646080889327344,0.011978154865448065,0.9468856629747708,0.053114337025229295,0.9945231802228698,0.005476819777130187,0.48746526650628025,0.5125347334937197,0.6178283198317043,0.38217168016829584,1.0
35,319769,C1S7,1,1,stable,1,0.9884574601849571,0.028,0.028,0.04471648055979632,1.7757216419740847,0.028,0.98,0.8198864376436011,0.018172652697882957,0.0117561808058817,0.9469178878138031,0.053082112186196934,0.9947442603116438,0.005255739688356246,0.48746526650628025,0.5125347334937197,0.6178283198317043,0.38217168016829584,1.0
36,330537,C1S9,0,3,stable,2,0.9886632534605724,0.028,0.028,0.04471648055979632,1.7881494777766762,0.028,0.98,0.8198864376436011,0.01782911550775554,0.01154253981504294,0.9469489114803537,0.053051088519646385,0.9949356306987457,0.0050643693012542845,0.48746526650628025,0.5125347334937197,0.6178283198317043,0.38217168016829584,0.0
37,335941,C1S7,1,1,stable,1,0.9886632534605724,0.028,0.028,0.04510362777505425,1.7881494777766762,0.028,0.98,0.837897793879241,0.0070029408253698255,0.01154253981504294,0.9469489114803537,0.053051088519646385,0.9949356306987457,0.0050643693012542845,0.4871750928370905,0.5128249071629094,0.6049913789997963,0.3950086210002037,1.0
38,345326,C1S9,0,3,stable,2,0.9888616410519521,0.028,0.028,0.04510362777505425,1.7993345299990087,0.028,0.98,0.837897793879241,0.017499517228309898,0.011336746539427622,0.9469788025244278,0.05302119747557218,0.9951019283713245,0.00489807162867546,0.4871750928370905,0.5128249071629094,0.6049913789997963,0.3950086210002037,0.0
39,350949,C1S7,1,1,stable,1,0.9888616410519521,0.028,0.028,0.0454849699869585,1.7993345299990087,0.028,0.98,0.8541080144913169,0.006946583106469183,0.011336746539427622,0.9469788025244278,0.05302119747557218,0.9951019283713245,0.00489807162867546,0.48688927857030395,0.513110721429696,0.5933124498446977,0.40668755015530234,1.0
40,359735,C1S9,0,3,stable,2,0.9890530284185692,0.028,0.028,0.0454849699869585,1.8094010769991078,0.028,0.98,0.8541080144913169,0.017182725705814698,0.011138358948047933,0.9470076237773783,0.052992376222621644,0.9952469445643527,0.0047530554356473124,0.48688927857030395,0.513110721429696,0.5933124498446977,0.40668755015530234,0.0
41,364888,C1S7,1,1,stable,1,0.9890530284185692,0.028,0.028,0.04586078032374699,1.8094010769991078,0.028,0.98,0.8686972130421852,0.006893701364533585,0.011138358948047933,0.9470076237773783,0.052992376222621644,0.9952469445643527,0.0047530554356473124,0.4866076188061449,0.5133923811938551,0.5827100362591645,0.41728996374083555,1.0
42,372001,C1S7,1,1,stable,1,0.9892377894166479,0.028,0.028,0.04586078032374699,1.818460969299197,0.028,0.98,0.8686972130421852,0.016877818372347277,0.010946971581430764,0.9470354331263081,0.05296456687369182,0.9953738016561916,0.004626198343808337,0.4866076188061449,0.5133923811938551,0.5827100362591645,0.41728996374083555,1.0
43,378086,C1S7,1,1,stable,1,0.9894162701039386,0.028,0.028,0.04586078032374699,1.8266148723692774,0.028,0.98,0.8686972130421852,0.01658401737341965,0.010762210583352139,0.9470622841091151,0.052937715890884925,0.9954850887605422,0.004514911239457775,0.4866076188061449,0.5133923811938551,0.5827100362591645,0.41728996374083555,1.0
44,387353,C1S9,0,3,stable,2,0.9895887917633294,0.028,0.028,0.04586078032374699,1.8339533851323497,0.028,0.98,0.8686972130421852,0.016300648361688614,0.010583729896061378,0.9470882263886752,0.0529117736113249,0.9955829665472623,0.004417033452737699,0.4866076188061449,0.5133923811938551,0.5827100362591645,0.41728996374083555,0.0
45,400760,C1S9,0,3,stable,2,0.9895887917633294,0.028,0.028,0.04623126484663885,1.8339533851323497,0.028,0.98,0.8818274917379667,0.006843181802532802,0.010583729896061378,0.9470882263886752,0.0529117736113249,0.9955829665472623,0.004417033452737699,0.48632995892125586,0.5136700410787441,0.5731017363236212,0.42689826367637884,0.0
46,406178,C1S7,1,1,stable,1,0.9895887917633294,0.028,0.028,0.046596588228606475,1.8339533851323497,0.028,0.98,0.89364474256417,0.006794345839187739,0.010583729896061378,0.9470882263886752,0.0529117736113249,0.9955829665472623,0.004417033452737699,0.48605617531796536,0.5139438246820346,0.5644066240914867,0.43559337590851327,1.0
47,412468,C1S7,1,1,stable,1,0.9897556533841896,0.028,0.028,0.046596588228606475,1.8405580466191147,0.028,0.98,0.89364474256417,0.016027113959015547,0.010411208236670633,0.9471133061427769,0.052886693857223124,0.9956692489345625,0.004330751065437401,0.48605617531796536,0.5139438246820346,0.5644066240914867,0.43559337590851327,1.0
48,419138,C1S7,1,1,stable,1,0.9899171337531288,0.028,0.028,0.046596588228606475,1.8465022419572032,0.028,0.98,0.89364474256417,0.01576287634489558,0.010244346615810418,0.9471375663931066,0.05286243360689346,0.9957454672496877,0.004254532750312276,0.48605617531796536,0.5139438246820346,0.5644066240914867,0.43559337590851327,1.0
49,426826,C1S9,0,3,stable,2,0.9900734932524912,0.028,0.028,0.046596588228606475,1.851852017761483,0.028,0.98,0.89364474256417,0.015507445555060041,0.010082866246871158,0.9471610472884352,0.0528389527115648,0.9958129209935247,0.004187079006475316,0.48605617531796536,0.5139438246820346,0.5644066240914867,0.43559337590851327,0.0
50,440568,C1S10,0,4,stable,1,0.9900734932524912,0.028,0.028,0.04695688919718816,1.851852017761483,0.028,0.98,0.904280268307753,0.00674677809208232,0.010082866246871158,0.9471610472884352,0.0528389527115648,0.9958129209935247,0.004187079006475316,0.48578616384762824,0.5142138361523717,0.556546850052676,0.4434531499473239,1.0
51,461023,C1S9,0,3,stable,2,0.9900734932524912,0.028,-0.02900061272719637,0.04695688919718816,1.851852017761483,0.028,0.872,0.904280268307753,0.05544806685524939,0.010082866246871158,0.9471610472884352,0.0528389527115648,0.9958129209935247,0.004187079006475316,0.4432771102252735,0.5567228897747265,0.475808701599778,0.5241912984002219,0.0
52,468666,C1S9,0,3,stable,2,0.9900734932524912,0.028,-0.02900061272719637,0.04886225054977296,1.851852017761483,0.028,0.872,0.9138522414769776,0.035920995653290225,0.010082866246871158,0.9471610472884352,0.0528389527115648,0.9958129209935247,0.004187079006475316,0.4418669416950544,0.5581330583049456,0.4686519901944084,0.5313480098055916,0.0
53,475067,C1S7,1,1,stable,1,0.9900734932524912,0.028,-0.02900061272719637,0.05009515534614706,1.851852017761483,0.028,0.872,0.9224670173292798,0.024109484864485487,0.010082866246871158,0.9471610472884352,0.0528389527115648,0.9958129209935247,0.004187079006475316,0.44095495985906696,0.559045040140933,0.46222187284504346,0.5377781271549565,1.0
54,484310,C1S9,0,3,stable,2,0.9902249754319795,0.028,-0.02900061272719637,0.05009515534614706,1.8566668159853348,0.028,0.872,0.9224670173292798,0.015260371381541325,0.009926506747508834,0.947183786352126,0.05281621364787396,0.9958727182904004,0.00412728170959958,0.44095495985906696,0.559045040140933,0.46222187284504346,0.5377781271549565,0.0
55,490381,C1S7,1,1,stable,1,0.9902249754319795,0.028,-0.02900061272719637,0.05094158808025126,1.8566668159853348,0.028,0.872,0.9302203155963519,0.016960933151383938,0.009926506747508834,0.947183786352126,0.05281621364787396,0.9958727182904004,0.00412728170959958,0.44032908228237055,0.5596709177176293,0.45644543163855605,0.543554568361444,1.0
56,496674,C1S7,1,1,stable,1,0.9903718083982658,0.028,-0.02900061272719637,0.05094158808025126,1.8610001343868012,0.028,0.872,0.9302203155963519,0.015021237569737084,0.009775024568020485,0.947205818700933,0.052794181299067,0.9959258083373234,0.004074191662676563,0.44032908228237055,0.5596709177176293,0.45644543163855605,0.543554568361444,1.0
57,503052,C1S7,1,1,stable,1,0.9905142060544275,0.028,-0.02900061272719637,0.05094158808025126,1.864900120948121,0.028,0.872,0.9302203155963519,0.014789657502882785,0.009628191601734226,0.947227177240064,0.05277282275993613,0.9959730076041582,0.00402699239584179,0.44032908228237055,0.5596709177176293,0.45644543163855605,0.543554568361444,1.0
58,510990,C1S9,0,3,stable,2,0.990652369212653,0.028,-0.02900061272719637,0.05094158808025126,1.868410108853309,0.028,0.872,0.9302203155963519,0.014565270869073155,0.009485793945572474,0.947247892838187,0.05275210716181305,0.9960150211199875,0.003984978880012407,0.44032908228237055,0.5596709177176293,0.45644543163855605,0.543554568361444,0.0
59,519207,C1S9,0,3,stable,2,0.990652369212653,0.028,-0.02900061272719637,0.05156117033630599,1.868410108853309,0.028,0.872,0.9371982840367167,0.0126294804868178,0.009485793945572474,0.947247892838187,0.05275210716181305,0.9960150211199875,0.003984978880012407,0.4398710648103306,0.5601289351896694,0.4512565874437599,0.5487434125562402,0.0
60,527632,C1S9,0,3,stable,2,0.990652369212653,0.028,-0.02900061272719637,0.052045540699690564,1.868410108853309,0.028,0.872,0.943478455633045,0.009999629775275382,0.009485793945572474,0.947247892838187,0.05275210716181305,0.9960150211199875,0.003984978880012407,0.4395130720869892,0.5604869279130108,0.44659564056454565,0.5534043594354544,0.0
61,534077,C1S7,1,1,stable,1,0.990652369212653,0.028,-0.02900061272719637,0.05244823831147578,1.868410108853309,0.028,0.872,0.9491306100697405,0.0083975008301807,0.009485793945572474,0.947247892838187,0.05275210716181305,0.9960150211199875,0.003984978880012407,0.4392154906708948,0.5607845093291052,0.4424087767325484,0.5575912232674516,1.0
62,543580,C1S9,0,3,stable,2,0.990786486598096,0.028,-0.02900061272719637,0.05244823831147578,1.871569097967978,0.028,0.872,0.9491306100697405,0.014347740993852102,0.009347630787347017,0.9472679944851998,0.05273200551480026,0.9960524598706997,0.003947540129300261,0.4392154906708948,0.5607845093291052,0.4424087767325484,0.5575912232674516,0.0
63,549813,C1S7,1,1,stable,1,0.990786486598096,0.028,-0.02900061272719637,0.05280088638841345,1.871569097967978,0.028,0.872,0.9542175490627665,0.007416088582534632,0.009347630787347017,0.9472679944851998,0.05273200551480026,0.9960524598706997,0.003947540129300261,0.4389549302396572,0.5610450697603429,0.43864756746926603,0.561352432530734,1.0
64,556379,C1S7,1,1,stable,1,0.9909167357579806,0.028,-0.02900061272719637,0.05280088638841345,1.8744121881711802,0.028,0.872,0.9542175490627665,0.014136752637453672,0.009213513401904017,0.94728750943499,0.05271249056500999,0.9960858550999353,0.003914144900064711,0.4389549302396572,0.5610450697603429,0.43864756746926603,0.561352432530734,1.0
65,563457,C1S7,1,1,stable,1,0.9910432838873928,0.028,-0.02900061272719637,0.05280088638841345,1.8769709693540622,0.028,0.872,0.9542175490627665,0.013932010127683867,0.00908326424201944,0.9473064633350038,0.05269353666499625,0.9961156701294535,0.0038843298705465356,0.4389549302396572,0.5610450697603429,0.43864756746926603,0.561352432530734,1.0
66,572208,C1S9,0,3,stable,2,0.9911662885812609,0.028,-0.02900061272719637,0.05280088638841345,1.879273872418656,0.028,0.872,0.9542175490627665,0.013733235744174625,0.008956716112607177,0.9473248803441296,0.05267511965587037,0.9961423101809683,0.0038576898190317756,0.4389549302396572,0.5610450697603429,0.43864756746926603,0.561352432530734,0.0
67,578843,C1S7,1,1,stable,1,0.9911662885812609,0.028,-0.02900061272719637,0.05312229388923581,1.879273872418656,0.028,0.872,0.9587957941564899,0.006809608830100107,0.008956716112607177,0.9473248803441296,0.05267511965587037,0.9961423101809683,0.0038576898190317756,0.438717481784576,0.5612825182154241,0.4352684833910595,0.5647315166089404,1.0
68,35458,C1S7,1,1,uncertain,1,0.9912858985205644,0.028,-0.02900061272719637,0.05312229388923581,1.8813464851767903,0.028,0.872,0.9587957941564899,0.013540168297748248,0.00883371141873912,0.7776928500674636,0.22230714993253645,0.9175375472323181,0.08246245276768202,0.47333537671101317,0.5266646232889869,0.4718212573382677,0.5281787426617324,1.0
69,44116,C1S9,0,3,uncertain,2,0.9914022540996779,0.028,-0.02900061272719637,0.05312229388923581,1.8832118366591113,0.028,0.872,0.9587957941564899,0.013352561866310328,0.008714101479435632,0.7777190001978507,0.2222809998021494,0.9177208396099034,0.08227916039009676,0.47333537671101317,0.5266646232889869,0.4718212573382677,0.5281787426617324,0.0
70,52000,C1S9,0,3,uncertain,2,0.9914022540996779,0.028,-0.02900061272719637,0.05342370116062619,1.8832118366591113,0.028,0.872,0.9629162147408409,0.006429650603598273,0.008714101479435632,0.7777190001978507,0.2222809998021494,0.9177208396099034,0.08227916039009676,0.4732376989611742,0.5267623010388258,0.47048657861767296,0.529513421382327,0.0
71,59043,C1S7,1,1,uncertain,1,0.9914022540996779,0.028,-0.02900061272719637,0.05371185033807249,1.8832118366591113,0.028,0.872,0.9666245932667568,0.006186605304127655,0.008714101479435632,0.7777190001978507,0.2222809998021494,0.9177208396099034,0.08227916039009676,0.47314431970767123,0.5268556802923288,0.4692857279804332,0.5307142720195669,1.0
72,66518,C1S7,1,1,uncertain,1,0.9915154880008447,0.028,-0.02900061272719637,0.05371185033807249,1.8848906529932001,0.028,0.872,0.9666245932667568,0.013170184659979479,0.00859774590032214,0.777744446642871,0.22225555335712893,0.917885485563916,0.08211451443608404,0.47314431970767123,0.5268556802923288,0.4692857279804332,0.5307142720195669,1.0
73,73312,C1S7,1,1,uncertain,1,0.9916257257210301,0.028,-0.02900061272719637,0.05371185033807249,1.88640158769388,0.028,0.872,0.9666245932667568,0.012992817995480892,0.008484511999155342,0.7777692177734471,0.22223078222655301,0.9180334103703958,0.08196658962960415,0.47314431970767123,0.5268556802923288,0.4692857279804332,0.5307142720195669,1.0
74,79263,C1S11,1,5,uncertain,1,0.9917330860557804,0.028,-0.02900061272719637,0.05371185033807249,1.887761428924492,0.028,0.872,0.9666245932667568,0.012820255364670453,0.008374274278969862,0.7777933404413533,0.2222066595586467,0.9181663351574672,0.0818336648425329,0.47314431970767123,0.5268556802923288,0.4692857279804332,0.5307142720195669,1.0
75,84776,C1S7,1,1,uncertain,1,0.5077610004676245,0.028,-0.02900061272719637,0.05371185033807249,1.7989852860320428,0.028,0.872,0.9666245932667568,0.5427320048522705,-0.8917330860557804,0.6510571566895333,0.34894284331046665,0.9090657637176589,0.09093423628234115,0.47314431970767123,0.5268556802923288,0.4692857279804332,0.5307142720195669,1.0
76,90318,C1S11,1,5,uncertain,1,0.8134328555136141,0.028,-0.02900061272719637,0.05371185033807249,1.8090867574288385,0.028,0.872,0.9666245932667568,0.6209826026307876,0.4922389995323755,0.7351795512170237,0.26482044878297617,0.9101455002670672,0.08985449973293276,0.47314431970767123,0.5268556802923288,0.4692857279804332,0.5307142720195669,1.0
77,99849,C1S9,0,3,uncertain,2,0.24222335706633324,0.028,-0.02900061272719637,0.05371185033807249,1.7281780816859547,0.028,0.872,0.9666245932667568,0.800649274886641,-0.7134328555136141,0.5691760778158564,0.4308239221841435,0.9011645483000787,0.09883545169992128,0.47314431970767123,0.5268556802923288,0.4692857279804332,0.5307142720195669,0.0
78,105658,C1S11,1,5,uncertain,1,0.24222335706633324,0.028,-0.02900061272719637,0.053990799885358785,1.7281780816859547,0.028,0.872,0.9699621339400811,0.006026370665572969,-0.7134328555136141,0.5691760778158564,0.4308239221841435,0.9011645483000787,0.09883545169992128,0.4730539235280768,0.5269460764719233,0.46820526602369056,0.5317947339763094,1.0
79,112149,C1S7,1,1,uncertain,1,0.1617642504649405,0.028,-0.02900061272719637,0.053990799885358785,1.6553602735173591,0.028,0.872,0.9699621339400811,0.5657235791717845,-0.14222335706633324,0.5433641625086858,0.4566358374913142,0.8924071573596514,0.1075928426403486,0.4730539235280768,0.5269460764719233,0.46820526602369056,0.5317947339763094,1.0
80,120765,C1S8,1,2,uncertain,2,0.8678735905941328,0.028,-0.02900061272719637,0.053990799885358785,1.6798242461656232,0.028,0.872,0.9699621339400811,0.8423755972241065,0.8382357495350595,0.7487272321865386,0.25127276781346153,0.8954228997922635,0.10457710020773653,0.4730539235280768,0.5269460764719233,0.46820526602369056,0.5317947339763094,0.0
81,133351,C1S8,1,2,uncertain,2,0.8678735905941328,0.06750102580008141,-0.02900061272719637,0.053990799885358785,1.6798242461656232,0.1252,0.872,0.9699621339400811,0.5486253583344639,0.07200000000000001,0.7389434478896166,0.26105655211038326,0.8829855619498579,0.11701443805014206,0.4730539235280768,0.5269460764719233,0.46820526602369056,0.5317947339763094,0.0
82,138415,C1S7,1,1,uncertain,1,0.8678735905941328,0.0788325926140693,-0.02900061272719637,0.053990799885358785,1.6798242461656232,0.21268,0.872,0.9699621339400811,0.34867459952062946,0.032498974199918595,0.7360917560125267,0.26390824398747326,0.8707141080547431,0.12928589194525686,0.4730539235280768,0.5269460764719233,0.46820526602369056,0.5317947339763094,1.0
83,146912,C1S9,0,3,uncertain,2,0.9059894971630386,0.0788325926140693,-0.02900061272719637,0.053990799885358785,1.701841821549061,0.21268,0.872,0.9699621339400811,0.288480605355898,0.13212640940586717,0.7456042761382359,0.2543957238617641,0.8739021663105876,0.12609783368941238,0.4730539235280768,0.5269460764719233,0.46820526602369056,0.5317947339763094,0.0
84,152416,C1S7,1,1,uncertain,1,0.9059894971630386,0.0788325926140693,-0.02900061272719637,0.05426300330646865,1.701841821549061,0.21268,0.872,0.972965920546073,0.005916282405075842,0.13212640940586717,0.7456042761382359,0.2543957238617641,0.8739021663105876,0.12609783368941238,0.4729657151960294,0.5270342848039706,0.4672331048178848,0.5327668951821152,1.0
85,160422,C1S8,1,2,uncertain,2,0.927564406010165,0.0788325926140693,-0.02900061272719637,0.05426300330646865,1.721657639394155,0.21268,0.872,0.972965920546073,0.22949466491571566,0.09401050283696144,0.7508875222217677,0.24911247777823242,0.8767136717724404,0.12328632822755954,0.4729657151960294,0.5270342848039706,0.4672331048178848,0.5327668951821152,0.0
86,174196,C1S9,0,3,uncertain,2,0.927564406010165,0.08201611233443565,-0.02900061272719637,0.05426300330646865,1.721657639394155,0.291412,0.872,0.972965920546073,0.1503972433809878,0.021167407385930703,0.7501125755545944,0.24988742444540557,0.8652175908314967,0.13478240916850315,0.4729657151960294,0.5270342848039706,0.4672331048178848,0.5327668951821152,0.0
87,191997,C1S7,1,1,uncertain,1,0.927564406010165,0.08201611233443565,-0.02900061272719637,0.054529952743075226,1.721657639394155,0.291412,0.872,0.9756693284914657,0.005836619277722072,0.021167407385930703,0.7501125755545944,0.24988742444540557,0.8652175908314967,0.13478240916850315,0.4728792110724479,0.5271207889275521,0.46635837220389675,0.5336416277961032,1.0
88,199989,C1S9,0,3,uncertain,2,0.9372490233714025,0.08201611233443565,-0.02900061272719637,0.054529952743075226,1.7394918754547395,0.291412,0.872,0.9756693284914657,0.13369970242249368,0.07243559398983501,0.752465053380053,0.2475349466199469,0.8678984578372069,0.13210154216279307,0.4728792110724479,0.5271207889275521,0.46635837220389675,0.5336416277961032,0.0
89,206559,C1S7,1,1,uncertain,1,0.9372490233714025,0.08201611233443565,-0.02900061272719637,0.054792563815579794,1.7394918754547395,0.291412,0.872,0.9781023956423192,0.005775473929479483,0.07243559398983501,0.752465053380053,0.2475349466199469,0.8678984578372069,0.13210154216279307,0.4727941143708852,0.5272058856291149,0.46557128952771315,0.5344287104722869,1.0
90,216774,C1S7,1,1,uncertain,1,0.9446455065532867,0.08201611233443565,-0.02900061272719637,0.054792563815579794,1.7555426879092655,0.291412,0.872,0.9781023956423192,0.11787040743065472,0.06275097662859752,0.7542516855343376,0.2457483144656624,0.8702724559571685,0.12972754404283152,0.4727941143708852,0.5272058856291149,0.46557128952771315,0.5344287104722869,1.0
91,223132,C1S11,1,5,uncertain,1,0.950398772537541,0.08201611233443565,-0.02900061272719637,0.054792563815579794,1.7699884191183388,0.291412,0.872,0.9781023956423192,0.1039349405264208,0.05535449344671328,0.7556353715339224,0.24436462846607768,0.8723779218961336,0.12762207810386647,0.4727941143708852,0.5272058856291149,0.46557128952771315,0.5344287104722869,1.0
92,231979,C1S9,0,3,uncertain,2,0.46346024162906885,0.08201611233443565,-0.02900061272719637,0.054792563815579794,1.692989577206505,0.291412,0.872,0.9781023956423192,0.572600227838377,-0.850398772537541,0.6214900094035026,0.37850999059649737,0.8608120308912699,0.13918796910873,0.4727941143708852,0.5272058856291149,0.46557128952771315,0.5344287104722869,0.0
93,240565,C1S9,0,3,uncertain,2,0.46346024162906885,0.08201611233443565,-0.02900061272719637,0.05505140605135925,1.692989577206505,0.291412,0.872,0.9802921560780873,0.0057256561669087,-0.850398772537541,0.6214900094035026,0.37850999059649737,0.8608120308912699,0.13918796910873,0.4727102404730254,0.5272897595269747,0.46486306155897056,0.5351369384410294,0.0
94,260879,C1S9,0,3,uncertain,2,0.46346024162906885,0.08201611233443565,-0.02900061272719637,0.05530684097273878,1.692989577206505,0.291412,0.872,0.9822629404702785,0.005682823397577258,-0.850398772537541,0.6214900094035026,0.37850999059649737,0.8608120308912699,0.13918796910873,0.47262747217377016,0.5273725278262299,0.46422577743030835,0.5357742225696918,0.0
95,266851,C1S7,1,1,uncertain,1,0.46346024162906885,0.08201611233443565,-0.02900061272719637,0.05555910489382964,1.692989577206505,0.291412,0.872,0.9840366464232506,0.005644351989909415,-0.850398772537541,0.6214900094035026,0.37850999059649737,0.8608120308912699,0.13918796910873,0.47254573284698914,0.5274542671530108,0.46365232152739605,0.536347678472604,1.0
96,275228,C1S9,0,3,uncertain,2,0.8205188617492369,0.08201611233443565,-0.02900061272719637,0.05555910489382964,1.7136906194858543,0.291412,0.872,0.9840366464232506,0.6654839917255848,0.5365397583709312,0.7231325314514164,0.2768674685485835,0.8640052079592404,0.13599479204075954,0.47254573284698914,0.5274542671530108,0.46365232152739605,0.536347678472604,0.0
97,286647,C1S7,1,1,uncertain,1,0.8205188617492369,0.08201611233443565,-0.02900061272719637,0.055808358584557044,1.7136906194858543,0.291412,0.872,0.9856329817809255,0.005608655949254167,0.5365397583709312,0.7231325314514164,0.2768674685485835,0.8640052079592404,0.13599479204075954,0.47246497034985074,0.5275350296501492,0.4631362933510926,0.5368637066489075,1.0
98,295989,C1S8,1,2,uncertain,2,0.9115120437354522,0.08201611233443565,-0.02900061272719637,0.055808358584557044,1.7323215575372688,0.291412,0.872,0.9856329817809255,0.5069790779858087,0.17948113825076306,0.746180607436294,0.25381939256370595,0.866826081275602,0.13317391872439788,0.47246497034985074,0.5275350296501492,0.4631362933510926,0.5368637066489075,0.0
99,314093,C1S11,1,5,uncertain,1,0.9115120437354522,0.08768063733614914,-0.02900061272719637,0.055808358584557044,1.7323215575372688,0.3622708,0.872,0.9856329817809255,0.3149777793908238,0.017983887665564358,0.7447833974993391,0.255216602500661,0.8558284435323809,0.14417155646761917,0.47246497034985074,0.5275350296501492,0.4631362933510926,0.5368637066489075,1.0
100,320333,C1S7,1,1,uncertain,1,0.36301600856801686,0.08768063733614914,-0.02900061272719637,0.055808358584557044,1.6590894017835418,0.3622708,0.872,0.9856329817809255,0.6758938938757656,-0.8115120437354523,0.5885407019856347,0.4114592980143652,0.8436794849697645,0.15632051503023547,0.47246497034985074,0.5275350296501492,0.4631362933510926,0.5368637066489075,1.0
101,329546,C1S9,0,3,uncertain,2,0.8647853259556836,0.08768063733614914,-0.02900061272719637,0.055808358584557044,1.6831804616051875,0.3622708,0.872,0.9856329817809255,0.7877267311846492,0.6369839914319831,0.7330663509086813,0.2669336490913186,0.8477655762382841,0.15223442376171595,0.47246497034985074,0.5275350296501492,0.4631362933510926,0.5368637066489075,0.0
102,335378,C1S7,1,1,uncertain,1,0.8647853259556836,0.08768063733614914,-0.02900061272719637,0.056054717070625815,1.6831804616051875,0.3622708,0.872,0.987069683602833,0.005574775640324648,0.6369839914319831,0.7330663509086813,0.2669336490913186,0.8477655762382841,0.15223442376171595,0.47238514736509646,0.5276148526349036,0.46267193546109736,0.5373280645389026,1.0
103,341976,C1S7,1,1,uncertain,1,0.9396624587177064,0.08768063733614914,-0.02900061272719637,0.056054717070625815,1.7048624154446688,0.3622708,0.872,0.987069683602833,0.5537648431373794,0.13521467404431642,0.751676995427032,0.248323004572968,0.8513677576555021,0.14863224234449796,0.47238514736509646,0.5276148526349036,0.46267193546109736,0.5373280645389026,1.0
104,356317,C1S7,1,1,uncertain,1,0.9618945155005926,0.08768063733614914,-0.02900061272719637,0.056054717070625815,1.724376173900202,0.3622708,0.872,0.987069683602833,0.3684614306518038,0.06033754128229363,0.7570324164954852,0.24296758350451475,0.854549298533407,0.14545070146659306,0.47238514736509646,0.5276148526349036,0.46267193546109736,0.5373280645389026,1.0
105,365613,C1S8,1,2,uncertain,2,0.9711899730705524,0.08768063733614914,-0.02900061272719637,0.056054717070625815,1.7419385565101817,0.3622708,0.872,0.987069683602833,0.24394014909072675,0.03810548449940743,0.7592481873103439,0.2407518126896561,0.8573641770920969,0.14263582290790316,0.47238514736509646,0.5276148526349036,0.46267193546109736,0.5373280645389026,0.0
106,373352,C1S8,1,2,uncertain,2,0.9711899730705524,0.08957480965296874,-0.02900061272719637,0.056054717070625815,1.7419385565101817,0.42604372,0.872,0.987069683602833,0.15375570705274658,0.012319362663850864,0.7587977926010296,0.2412022073989703,0.8469222958743539,0.15307770412564622,0.47238514736509646,0.5276148526349036,0.46267193546109736,0.5373280645389026,0.0
107,381765,C1S8,1,2,uncertain,2,0.9711899730705524,0.0906017799170122,-0.02900061272719637,0.056054717070625815,1.7419385565101817,0.483439348,0.872,0.987069683602833,0.09850853843986669,0.010425190347031266,0.7585533603131417,0.24144663968685828,0.836996603027943,0.16300339697205704,0.47238514736509646,0.5276148526349036,0.46267193546109736,0.5373280645389026,0.0
108,393256,C1S7,1,1,uncertain,1,0.9711899730705524,0.09121025879603596,-0.02900061272719637,0.056054717070625815,1.7419385565101817,0.5350954132,0.872,0.987069683602833,0.0647440551137127,0.00939822008298781,0.7584084547792326,0.24159154522076745,0.8276261796922132,0.17237382030778692,0.47238514736509646,0.5276148526349036,0.46267193546109736,0.5373280645389026,1.0
109,401396,C1S7,1,1,uncertain,1,0.9728071504443664,0.09121025879603596,-0.02900061272719637,0.056054717070625815,1.7577447008591636,0.5350954132,0.872,0.987069683602833,0.05613244922589615,0.028810026929447563,0.7587934451573859,0.2412065548426142,0.8305378737910524,0.16946212620894757,0.47238514736509646,0.5276148526349036,0.46267193546109736,0.5373280645389026,1.0
110,409480,C1S8,1,2,uncertain,2,0.974166661832733,0.09121025879603596,-0.02900061272719637,0.056054717070625815,1.7719702307732472,0.5350954132,0.872,0.987069683602833,0.049995179268917854,0.027192849555633614,0.7591167708170079,0.24088322918299207,0.8331248055093908,0.16687519449060917,0.47238514736509646,0.5276148526349036,0.46267193546109736,0.5373280645389026,0.0
111,418420,C1S8,1,2,uncertain,2,0.974166661832733,0.0915202813386273,-0.02900061272719637,0.056054717070625815,1.7719702307732472,0.58158587188,0.872,0.987069683602833,0.03527095228372914,0.008789741203964044,0.7590430657870021,0.24095693421299802,0.8245523125838193,0.1754476874161807,0.47238514736509646,0.5276148526349036,0.46267193546109736,0.5373280645389026,0.0
112,424978,C1S7,1,1,uncertain,1,0.974166661832733,0.09174287736714376,-0.02900061272719637,0.056054717070625815,1.7719702307732472,0.623427284692,0.872,0.987069683602833,0.026250402567061102,0.008479718661372704,0.7589901361198453,0.24100986388015455,0.8165439830912352,0.18345601690876479,0.47238514736509646,0.5276148526349036,0.46267193546109736,0.5373280645389026,1.0
113,434174,C1S8,1,2,uncertain,2,0.9749739599651768,0.09174287736714376,-0.02900061272719637,0.056054717070625815,1.7847732076959224,0.623427284692,0.872,0.987069683602833,0.03125024444059683,0.02583333816726696,0.7591820605153081,0.24081793948469188,0.8190241094247931,0.18097589057520685,0.47238514736509646,0.5276148526349036,0.46267193546109736,0.5373280645389026,0.0
114,441040,C1S7,1,1,uncertain,1,0.9749739599651768,0.09193860767203982,-0.02900061272719637,0.056054717070625815,1.7847732076959224,0.6610845562228,0.872,0.987069683602833,0.023704420244071846,0.008257122632856245,0.7591355378231951,0.24086446217680502,0.8116542755958153,0.1883457244041848,0.47238514736509646,0.5276148526349036,0.46267193546109736,0.5373280645389026,1.0
115,456022,C1S9,0,3,uncertain,2,0.9757056782350898,0.09193860767203982,-0.02900061272719637,0.056054717070625815,1.7962958869263301,0.6610845562228,0.872,0.987069683602833,0.02923827616733704,0.025026040034823227,0.7593094268709201,0.2406905731290799,0.8139335301798671,0.1860664698201328,0.47238514736509646,0.5276148526349036,0.46267193546109736,0.5373280645389026,0.0
116,463274,C1S9,0,3,uncertain,2,0.9757056782350898,0.09193860767203982,-0.02900061272719637,0.05629826752088206,1.7962958869263301,0.6610845562228,0.872,0.9883627152425497,0.005542129530663498,0.025026040034823227,0.7593094268709201,0.2406905731290799,0.8139335301798671,0.1860664698201328,0.4723062356041113,0.5276937643958887,0.46225406869332053,0.5377459313066795,0.0
117,469627,C1S7,1,1,uncertain,1,0.9757056782350898,0.09193860767203982,-0.02900061272719637,0.05653907998923408,1.7962958869263301,0.6610845562228,0.872,0.9895264437182947,0.005510364342353996,0.025026040034823227,0.7593094268709201,0.2406905731290799,0.8139335301798671,0.1860664698201328,0.47222821232573753,0.5277717876742625,0.4618780339202981,0.538121966079702,1.0
118,477658,C1S8,1,2,uncertain,2,0.9764860011305363,0.09193860767203982,-0.02900061272719637,0.05653907998923408,1.8066662982336972,0.6610845562228,0.872,0.9895264437182947,0.03211955875934834,0.0242943217649102,0.759494772057569,0.24050522794243095,0.8159666157275959,0.18403338427240415,0.47222821232573753,0.5277717876742625,0.4618780339202981,0.538121966079702,0.0
119,486302,C1S8,1,2,uncertain,2,0.9764860011305363,0.09213295631853505,-0.02900061272719637,0.05653907998923408,1.8066662982336972,0.6949761006005201,0.872,0.9895264437182947,0.024108570652385117,0.008061392327960187,0.7594486187686498,0.24055138123135017,0.8092581864727406,0.19074181352725936,0.47222821232573753,0.5277717876742625,0.4618780339202981,0.538121966079702,0.0
120,498036,C1S8,1,2,uncertain,2,0.9764860011305363,0.0922838884513587,-0.02900061272719637,0.05653907998923408,1.8066662982336972,0.7254784905404681,0.872,0.9895264437182947,0.019185368600310046,0.007867043681464958,0.7594127717187268,0.24058722828127319,0.8030621877225205,0.19693781227747958,0.47222821232573753,0.5277717876742625,0.4618780339202981,0.538121966079702,0.0
121,505562,C1S9,0,3,uncertain,2,0.9764860011305363,0.09240843334435042,-0.02900061272719637,0.05653907998923408,1.8066662982336972,0.7529306414864213,0.872,0.9895264437182947,0.016140888089370815,0.007716111548641311,0.7593831890069633,0.24061681099303675,0.797356944368197,0.20264305563180293,0.47222821232573753,0.5277717876742625,0.4618780339202981,0.538121966079702,0.0
122,523751,C1S7,1,1,uncertain,1,0.9764860011305363,0.09240843334435042,-0.02900061272719637,0.05677721386999113,1.8066662982336972,0.7529306414864213,0.872,0.9905737993464652,0.0054792646059506935,0.007716111548641311,0.7593831890069633,0.24061681099303675,0.797356944368197,0.20264305563180293,0.47215105824428594,0.5278489417557141,0.4615396396950542,0.5384603603049458,1.0
123,541464,C1S9,0,3,uncertain,2,0.9770454681108075,0.09240843334435042,-0.02900061272719637,0.05677721386999113,1.8159996684103275,0.7529306414864213,0.872,0.9905737993464652,0.02379293217530071,0.023513998869463704,0.7595160577466283,0.2404839422533716,0.7993103703064843,0.20068962969351556,0.47215105824428594,0.5278489417557141,0.4615396396950542,0.5384603603049458,0.0
124,547375,C1S7,1,1,uncertain,1,0.9770454681108075,0.09240843334435042,-0.02900061272719637,0.05701272178136079,1.8159996684103275,0.7529306414864213,0.872,0.9915164194118187,0.00544869807007086,0.023513998869463704,0.7595160577466283,0.2404839422533716,0.7993103703064843,0.20068962969351556,0.47207475627101514,0.5279252437289849,0.4612351151838683,0.5387648848161318,1.0
125,556220,C1S9,0,3,uncertain,2,0.9776893078035719,0.09240843334435042,-0.02900061272719637,0.05701272178136079,1.8243997015692948,0.7529306414864213,0.872,0.9915164194118187,0.02804847843869592,0.022954531889192498,0.7596689022387688,0.24033109776123132,0.8010563663742951,0.19894363362570477,0.47207475627101514,0.5279252437289849,0.4612351151838683,0.5387648848161318,0.0
126,565096,C1S9,0,3,uncertain,2,0.9776893078035719,0.09240843334435042,-0.02900061272719637,0.057245651905713624,1.8243997015692948,0.7529306414864213,0.872,0.9923647774706368,0.005418582752974477,0.022954531889192498,0.7596689022387688,0.24033109776123132,0.8010563663742951,0.19894363362570477,0.4719992907557245,0.5280007092442754,0.4609610678526478,0.5390389321473522,0.0
127,573287,C1S9,0,3,uncertain,2,0.9776893078035719,0.09240843334435042,-0.02900061272719637,0.057476049403681014,1.8243997015692948,0.7529306414864213,0.872,0.9931282997235731,0.0053888670564990054,0.022954531889192498,0.7596689022387688,0.24033109776123132,0.8010563663742951,0.19894363362570477,0.47192464702848247,0.5280753529715175,0.46071444542534556,0.5392855545746544,0.0
128,581273,C1S9,0,3,uncertain,2,0.9776893078035719,0.09240843334435042,-0.02900061272719637,0.05770395727228534,1.8243997015692948,0.7529306414864213,0.872,0.9938154697512158,0.0053595177637153525,0.022954531889192498,0.7596689022387688,0.24033109776123132,0.8010563663742951,0.19894363362570477,0.47185081112152133,0.5281491888784787,0.46049250168145817,0.5395074983185418,0.0
129,588268,C1S7,1,1,uncertain,1,0.9776893078035719,0.09240843334435042,-0.02900061272719637,0.057929416869207,1.8243997015692948,0.7529306414864213,0.872,0.9944339227760942,0.005330512794614944,0.022954531889192498,0.7596689022387688,0.24033109776123132,0.8010563663742951,0.19894363362570477,0.47177776959932083,0.5282222304006793,0.4602927657034973,0.5397072342965027,1.0
130,596258,C1S11,1,5,uncertain,1,0.9783634365767565,0.09240843334435042,-0.02900061272719637,0.057929416869207,1.8319597314123652,0.7529306414864213,0.872,0.9944339227760942,0.03021550238107442,0.022310692196428117,0.7598288660298466,0.24017113397015347,0.8026179793483652,0.19738202065163477,0.47177776959932083,0.5282222304006793,0.4602927657034973,0.5397072342965027,1.0
131,603181,C1S7,1,1,uncertain,1,0.4995259250421984,0.09240843334435042,-0.02900061272719637,0.057929416869207,1.7487637582711286,0.7529306414864213,0.872,0.9944339227760942,0.5451473633746986,-0.8783634365767565,0.6293088083941062,0.37069119160589376,0.7849219080042851,0.21507809199571498,0.47177776959932083,0.5282222304006793,0.4602927657034973,0.5397072342965027,1.0
132,610706,C1S7,1,1,uncertain,1,0.8135097783055008,0.09240843334435042,-0.02900061272719637,0.057929416869207,1.7638873824440158,0.7529306414864213,0.872,0.9944339227760942,0.6273728629995001,0.5004740749578016,0.718580590775862,0.28141940922413805,0.7882224245597693,0.21177757544023065,0.47177776959932083,0.5282222304006793,0.4602927657034973,0.5397072342965027,1.0
133,620016,C1S9,0,3,uncertain,2,0.9045762825616326,0.09240843334435042,-0.02900061272719637,0.057929416869207,1.7774986441996141,0.7529306414864213,0.872,0.9944339227760942,0.4883178508163996,0.18649022169449925,0.7418905879538259,0.2581094120461741,0.7911610886968898,0.20883891130311022,0.47177776959932083,0.5282222304006793,0.4602927657034973,0.5397072342965027,0.0
134,627739,C1S9,0,3,uncertain,2,0.9045762825616326,0.09240843334435042,-0.02900061272719637,0.05815246823644861,1.7774986441996141,0.7529306414864213,0.872,0.9949905304984847,0.005301836833308617,0.18649022169449925,0.7418905879538259,0.2581094120461741,0.7911610886968898,0.20883891130311022,0.47170550945369727,0.5282944905463027,0.4601130142248345,0.5398869857751656,0.0
135,636721,C1S9,0,3,uncertain,2,0.9045762825616326,0.09240843334435042,-0.02900061272719637,0.05837315030335591,1.7774986441996141,0.7529306414864213,0.872,0.9954914774486363,0.00527347868816274,0.18649022169449925,0.7418905879538259,0.2581094120461741,0.7911610886968898,0.20883891130311022,0.471634018037987,0.528365981962013,0.4599512467638705,0.5400487532361294,0.0
136,643407,C1S7,1,1,uncertain,1,0.9045762825616326,0.09240843334435042,-0.02900061272719637,0.058591501016977625,1.7774986441996141,0.7529306414864213,0.872,0.9959423297037727,0.005245429697729849,0.18649022169449925,0.7418905879538259,0.2581094120461741,0.7911610886968898,0.20883891130311022,0.4715632830247749,0.5284367169752251,0.45980566326244104,0.540194336737559,1.0
137,650490,C1S7,1,1,uncertain,1,0.937997956841336,0.09240843334435042,-0.02900061272719637,0.058591501016977625,1.7897487797796527,0.7529306414864213,0.872,0.9959423297037727,0.3502449409528602,0.09542371743836742,0.7501226221712063,0.24987737782879374,0.7937801301529684,0.20621986984703145,0.4715632830247749,0.5284367169752251,0.45980566326244104,0.540194336737559,1.0
138,659075,C1S9,0,3,uncertain,2,0.9533340500218831,0.09240843334435042,-0.02900061272719637,0.058591501016977625,1.8007739018016875,0.7529306414864213,0.872,0.9959423297037727,0.2473481904669145,0.06200204315866398,0.7538409071895622,0.24615909281043788,0.7961164121512188,0.20388358784878127,0.4715632830247749,0.5284367169752251,0.45980566326244104,0.540194336737559,0.0
139,665335,C1S7,1,1,uncertain,1,0.9533340500218831,0.09240843334435042,-0.02900061272719637,0.05880755742856135,1.8007739018016875,0.7529306414864213,0.872,0.9963480967333954,0.005217682767789028,0.06200204315866398,0.7538409071895622,0.24615909281043788,0.7961164121512188,0.20388358784878127,0.47149329237783766,0.5285067076221623,0.45967464397508406,0.5403253560249159,1.0
140,672435,C1S7,1,1,uncertain,1,0.9615663195244032,0.09240843334435042,-0.02900061272719637,0.05880755742856135,1.8106965116215188,0.7529306414864213,0.872,0.9963480967333954,0.17640848426701883,0.046665949978116905,0.7558214132694621,0.24417858673053788,0.7982021820143742,0.20179781798562574,0.47149329237783766,0.5285067076221623,0.45967464397508406,0.5403253560249159,1.0
141,38623,C1S8,0,2,reverse,2,0.9665206245918451,0.09240843334435042,-0.02900061272719637,0.05880755742856135,1.8196268604593668,0.7529306414864213,0.872,0.9963480967333954,0.1289052988455694,0.03843368047559681,0.8724778087012786,0.12752219129872144,0.9126740933792314,0.08732590662076849,0.45185513479839123,0.5481448652016088,0.43203190349623677,0.5679680965037633,0.0
142,47524,C1S8,0,2,reverse,2,0.9665206245918451,0.09240843334435042,-0.02900061272719637,0.059021355753472296,1.8196268604593668,0.7529306414864213,0.872,0.9967132870600559,0.00519023178924535,0.03843368047559681,0.8724778087012786,0.12752219129872144,0.9126740933792314,0.08732590662076849,0.4517386386120156,0.5482613613879844,0.43183477111499285,0.5681652288850072,0.0
143,54346,C1S10,1,4,reverse,1,0.9665206245918451,0.09240843334435042,-0.02900061272719637,0.05923293141491557,1.8196268604593668,0.7529306414864213,0.872,0.9970419583540503,0.005163071285873596,0.03843368047559681,0.8724778087012786,0.12752219129872144,0.9126740933792314,0.08732590662076849,0.4516233587353401,0.5483766412646599,0.4316573704303068,0.5683426295696932,1.0
144,70325,C1S9,1,3,reverse,2,-1.5058983528546075,0.09240843334435042,-0.02900061272719637,0.05923293141491557,1.6276641744134301,0.7529306414864213,0.872,0.9970419583540503,1.2572555540624486,-1.966520624591845,0.02885269020219326,0.9711473097978067,0.8726298187114104,0.1273701812885896,0.4516233587353401,0.5483766412646599,0.4316573704303068,0.5683426295696932,0.0
145,79054,C1S8,0,2,reverse,2,-1.5058983528546075,0.09816973608003315,-0.02900061272719637,0.05923293141491557,1.6276641744134301,0.7776375773377792,0.872,0.9970419583540503,0.7589082724308589,0.007591566655649584,0.028499650745661145,0.9715003492543388,0.8664650478287156,0.1335349521712843,0.4516233587353401,0.5483766412646599,0.4316573704303068,0.5683426295696932,0.0
146,86181,C1S8,0,2,reverse,2,-1.5058983528546075,0.09816973608003315,-0.02900061272719637,0.05944231907769915,1.6276641744134301,0.7776375773377792,0.872,0.9973377625186453,0.005136196200778379,0.007591566655649584,0.028499650745661145,0.9715003492543388,0.8664650478287156,0.1335349521712843,0.45150927613075564,0.5484907238692445,0.43149772480299475,0.5685022751970052,0.0
147,93366,C1S10,1,4,reverse,1,-1.5058983528546075,0.09816973608003315,-0.02900061272719637,0.05964955267578821,1.6276641744134301,0.7776375773377792,0.872,0.9976039862667807,0.0051096017665820705,0.007591566655649584,0.028499650745661145,0.9715003492543388,0.8664650478287156,0.1335349521712843,0.4513963721631209,0.5486036278368792,0.4313540559068084,0.5686459440931916,1.0
148,109663,C1S8,0,2,reverse,2,-1.1219801998077001,0.09816973608003315,-0.02900061272719637,0.05964955267578821,1.4548977569720871,0.7776375773377792,0.872,0.9976039862667807,0.7588839751712798,0.5058983528546075,0.06390437203136258,0.9360956279686375,0.8160741292143048,0.18392587078569514,0.4513963721631209,0.5486036278368792,0.4313540559068084,0.5686459440931916,0.0
149,132547,C1S8,0,2,reverse,2,-1.1219801998077001,0.09816973608003315,-0.02900061272719637,0.05985466543590951,1.4548977569720871,0.7776375773377792,0.872,0.9978435876401026,0.005083283426159832,0.5058983528546075,0.06390437203136258,0.9360956279686375,0.8160741292143048,0.18392587078569514,0.4512846285867676,0.5487153714132323,0.431224763776594,0.568775236223406,0.0
150,140588,C1S8,0,2,reverse,2,-1.1219801998077001,0.09816973608003315,-0.02900061272719637,0.06005768989856902,1.4548977569720871,0.7776375773377792,0.872,0.9980592288760923,0.005057236783900423,0.5058983528546075,0.06390437203136258,0.9360956279686375,0.8160741292143048,0.18392587078569514,0.45117402753391955,0.5488259724660804,0.43110840887378893,0.568891591126211,0.0
151,149568,C1S9,1,3,reverse,2,-1.1219801998077001,0.09816973608003315,-0.02900061272719637,0.060258657937308314,1.4548977569720871,0.7776375773377792,0.872,0.998253305988483,0.005031457575411803,0.5058983528546075,0.06390437203136258,0.9360956279686375,0.8160741292143048,0.18392587078569514,0.4510645515040764,0.5489354484959235,0.43100369596351645,0.5689963040364835,0.0
152,157182,C1S9,1,3,reverse,2,-1.1219801998077001,0.0990051207751614,-0.02900061272719637,0.060258657937308314,1.4548977569720871,0.7998738196040013,0.872,0.998253305988483,0.456428543454748,0.0018302639199668513,0.06379451903078,0.9362054809692201,0.8086176092841488,0.19138239071585106,0.4510645515040764,0.5489354484959235,0.43100369596351645,0.5689963040364835,0.0
153,165218,C1S8,0,2,reverse,2,-1.1219801998077001,0.09927816941126849,-0.02900061272719637,0.060258657937308314,1.4548977569720871,0.8198864376436011,0.872,0.998253305988483,0.27445405360775194,0.0009948792248386101,0.06375865133792254,0.9362413486620775,0.8017113610541283,0.1982886389458716,0.4510645515040764,0.5489354484959235,0.43100369596351645,0.5689963040364835,0.0
154,174083,C1S9,1,3,reverse,2,-1.1219801998077001,0.09927816941126849,-0.02900061272719637,0.06045760077670252,1.4548977569720871,0.8198864376436011,0.872,0.9984279753896348,0.005005941648381666,0.0009948792248386101,0.06375865133792254,0.9362413486620775,0.8017113610541283,0.1982886389458716,0.4509561833540873,0.5490438166459127,0.4309094596188192,0.5690905403811807,0.0
155,181446,C1S9,1,3,reverse,2,-1.1219801998077001,0.09939734763356504,-0.02900061272719637,0.06045760077670252,1.4548977569720871,0.837897793879241,0.872,0.9984279753896348,0.16510553051789006,0.0007218305887315146,0.06374300196824884,0.9362569980317512,0.7953367914199718,0.20466320858002812,0.4509561833540873,0.5490438166459127,0.4309094596188192,0.5690905403811807,0.0
156,190039,C1S9,1,3,reverse,2,-1.1219801998077001,0.09945726629069677,-0.02900061272719637,0.06045760077670252,1.4548977569720871,0.8541080144913169,0.872,0.9984279753896348,0.099424909730595,0.0006026523664349609,0.0637351353628347,0.9362648646371654,0.7894706249380556,0.2105293750619444,0.4509561833540873,0.5490438166459127,0.4309094596188192,0.5690905403811807,0.0
157,198965,C1S9,1,3,reverse,2,-1.1219801998077001,0.09948981977665744,-0.02900061272719637,0.06045760077670252,1.4548977569720871,0.8686972130421852,0.872,0.9984279753896348,0.05998058606393894,0.0005427337093032308,0.06373086185749023,0.9362691381425099,0.7840864517955373,0.21591354820446274,0.4509561833540873,0.5490438166459127,0.4309094596188192,0.5690905403811807,0.0
158,207297,C1S9,1,3,reverse,2,-1.1219801998077001,0.0995083364922502,-0.02900061272719637,0.06045760077670252,1.4548977569720871,0.8818274917379667,0.872,0.9984279753896348,0.036294459772368906,0.0005101802233425656,0.06372843116836296,0.9362715688316371,0.7791559777796927,0.22084402222030733,0.4509561833540873,0.5490438166459127,0.4309094596188192,0.5690905403811807,0.0
159,214630,C1S8,0,2,reverse,2,-1.1219801998077001,0.09951918832889525,-0.02900061272719637,0.06045760077670252,1.4548977569720871,0.89364474256417,0.872,0.9984279753896348,0.022071673968071227,0.0004916635077498038,0.06372700668799557,0.9362729933120045,0.7746500115898376,0.22534998841016232,0.4509561833540873,0.5490438166459127,0.4309094596188192,0.5690905403811807,0.0
160,222002,C1S8,0,2,reverse,2,-1.1219801998077001,0.09951918832889525,-0.02900061272719637,0.06065454900940856,1.4548977569720871,0.89364474256417,0.872,0.9985851778506714,0.004980684950193874,0.0004916635077498038,0.06372700668799557,0.9362729933120045,0.7746500115898376,0.22534998841016232,0.45084890628874624,0.5491510937112537,0.4308246511866051,0.5691753488133949,0.0
161,229812,C1S8,0,2,reverse,2,-1.1219801998077001,0.09951918832889525,-0.02900061272719637,0.06084953261245567,1.4548977569720871,0.89364474256417,0.872,0.9987266600656042,0.004955683519645896,0.0004916635077498038,0.06372700668799557,0.9362729933120045,0.7746500115898376,0.22534998841016232,0.45074270385180454,0.5492572961481954,0.4307483270669062,0.5692516729330938,0.0
162,238249,C1S8,0,2,reverse,2,-1.1219801998077001,0.09951918832889525,-0.02900061272719637,0.06104258096290016,1.4548977569720871,0.89364474256417,0.872,0.9988539940590437,0.004930933481164754,0.0004916635077498038,0.06372700668799557,0.9362729933120045,0.7746500115898376,0.22534998841016232,0.4506375599173334,0.5493624400826667,0.4306796381722956,0.5693203618277044,0.0
163,247107,C1S9,1,3,reverse,2,-1.1219801998077001,0.09951918832889525,-0.02900061272719637,0.06123372285292365,1.4548977569720871,0.89364474256417,0.872,0.9989685946531394,0.004906431040553844,0.0004916635077498038,0.06372700668799557,0.9362729933120045,0.7746500115898376,0.22534998841016232,0.4505334586813929,0.5494665413186072,0.43061782044795166,0.5693821795520483,0.0
164,255376,C1S8,0,2,reverse,2,-1.1219801998077001,0.0995256944278799,-0.02900061272719637,0.06123372285292365,1.4548977569720871,0.904280268307753,0.872,0.9989685946531394,0.013531491383505588,0.00048081167110475276,0.0637261526707289,0.9362738473292712,0.7705392272908137,0.22946077270918624,0.4505334586813929,0.5494665413186072,0.43061782044795166,0.5693821795520483,0.0
165,262712,C1S9,1,3,reverse,2,-1.1219801998077001,0.0995256944278799,-0.02900061272719637,0.061422986504428526,1.4548977569720871,0.904280268307753,0.872,0.9990717351878254,0.004882172481686124,0.00048081167110475276,0.0637261526707289,0.9362738473292712,0.7705392272908137,0.22946077270918624,0.45043038465397933,0.5495696153460207,0.4305621863450835,0.5694378136549164,0.0
166,270129,C1S9,1,3,reverse,2,-1.1219801998077001,0.09952968024440272,-0.02900061272719637,0.061422986504428526,1.4548977569720871,0.9138522414769776,0.872,0.9990717351878254,0.008403478173375417,0.0004743055721201095,0.06372562948135505,0.936274370518645,0.7667947386742168,0.23320526132578318,0.45043038465397933,0.5495696153460207,0.4305621863450835,0.5694378136549164,0.0
167,277491,C1S8,0,2,reverse,2,-1.1219801998077001,0.09953218435788662,-0.02900061272719637,0.061422986504428526,1.4548977569720871,0.9224670173292798,0.872,0.9990717351878254,0.005324278757383624,0.0004703197555972899,0.0637253007864948,0.9362746992135053,0.7633885192921828,0.2366114807078172,0.45043038465397933,0.5495696153460207,0.4305621863450835,0.5694378136549164,0.0
168,285687,C1S9,1,3,reverse,2,-1.1219801998077001,0.09953218435788662,-0.02900061272719637,0.06161039958316863,1.4548977569720871,0.9224670173292798,0.872,0.9991645616690429,0.004858154163790249,0.0004703197555972899,0.0637253007864948,0.9362746992135053,0.7633885192921828,0.2366114807078172,0.45032832265122863,0.5496716773487713,0.4305121171513837,0.5694878828486163,0.0
169,294214,C1S9,1,3,reverse,2,-1.1219801998077001,0.09953381013730303,-0.02900061272719637,0.06161039958316863,1.4548977569720871,0.9302203155963519,0.872,0.9991645616690429,0.003475256639698206,0.00046781564211338666,0.06372508738433741,0.9362749126156626,0.7602936979912513,0.23970630200874862,0.45032832265122863,0.5496716773487713,0.4305121171513837,0.5694878828486163,0.0
170,302304,C1S8,0,2,reverse,2,-1.1219801998077001,0.0995349126147453,-0.02900061272719637,0.06161039958316863,1.4548977569720871,0.9371982840367167,0.872,0.9991645616690429,0.0023648679014371086,0.00046618986269697515,0.06372494267193288,0.9362750573280672,0.7574847555640166,0.24251524443598327,0.45032832265122863,0.5496716773487713,0.4305121171513837,0.5694878828486163,0.0
171,308875,C1S10,1,4,reverse,1,-1.1219801998077001,0.0995349126147453,-0.02900061272719637,0.06179598921244359,1.4548977569720871,0.9371982840367167,0.872,0.9992481055021386,0.004834372519115718,0.00046618986269697515,0.06372494267193288,0.9362750573280672,0.7574847555640166,0.24251524443598327,0.4502272577878606,0.5497727422121393,0.4304670560919921,0.569532943908008,1.0
172,325381,C1S8,0,2,reverse,2,-1.1128796180851426,0.0995349126147453,-0.02900061272719637,0.06179598921244359,1.2994079812748784,0.9371982840367167,0.872,0.9992481055021386,0.07460704062548235,0.12198019980770014,0.06492997928048978,0.9350700207195102,0.6893026900047902,0.3106973099952098,0.4502272577878606,0.5497727422121393,0.4304670560919921,0.569532943908008,0.0
173,333090,C1S8,0,2,reverse,2,-1.1128796180851426,0.0995349126147453,-0.02900061272719637,0.0619797819863792,1.2994079812748784,0.9371982840367167,0.872,0.9993232949519247,0.004810824050847252,0.12198019980770014,0.06492997928048978,0.9350700207195102,0.6893026900047902,0.3106973099952098,0.4501271754698526,0.5498728245301474,0.4304265021232548,0.5695734978767453,0.0
174,340626,C1S8,0,2,reverse,2,-1.1128796180851426,0.0995349126147453,-0.02900061272719637,0.06216180398281239,1.2994079812748784,0.9371982840367167,0.872,0.9993909654567322,0.004787505331189391,0.12198019980770014,0.06492997928048978,0.9350700207195102,0.6893026900047902,0.3106973099952098,0.45002806138733076,0.5499719386126691,0.430390004349459,0.5696099956505409,0.0
175,347912,C1S9,1,3,reverse,2,-1.1128796180851426,0.0995349126147453,-0.02900061272719637,0.06234208077579707,1.2994079812748784,0.9371982840367167,0.872,0.999451868911059,0.0047644129995730155,0.12198019980770014,0.06492997928048978,0.9350700207195102,0.6893026900047902,0.3106973099952098,0.44992990150767176,0.5500700984923282,0.4303571569998047,0.5696428430001953,0.0
176,356847,C1S9,1,3,reverse,2,-1.1128796180851426,0.09955586167457851,-0.02900061272719637,0.06234208077579707,1.2994079812748784,0.943478455633045,0.872,0.999451868911059,0.04504327680644223,0.00046508738525470605,0.0649271811503637,0.9350728188496362,0.6863360004231804,0.31366399957681956,0.44992990150767176,0.5500700984923282,0.4303571569998047,0.5696428430001953,0.0
177,364583,C1S9,1,3,reverse,2,-1.1128796180851426,0.09956798329720916,-0.02900061272719637,0.06234208077579707,1.2994079812748784,0.9491306100697405,0.872,0.999451868911059,0.027292449079118236,0.000444138325421492,0.06492556213719024,0.9350744378628097,0.6836528810670687,0.3163471189329312,0.44992990150767176,0.5500700984923282,0.4303571569998047,0.5696428430001953,0.0
178,371783,C1S9,1,3,reverse,2,-1.1128796180851426,0.0995751697565854,-0.02900061272719637,0.06234208077579707,1.2994079812748784,0.9542175490627665,0.872,0.999451868911059,0.01663467946914545,0.0004320167027908467,0.06492460230221342,0.9350753976977866,0.6812275684421618,0.3187724315578382,0.44992990150767176,0.5500700984923282,0.4303571569998047,0.5696428430001953,0.0
179,380376,C1S9,1,3,reverse,2,-1.1128796180851426,0.09957951819398363,-0.02900061272719637,0.06234208077579707,1.2994079812748784,0.9587957941564899,0.872,0.999451868911059,0.010235705827536036,0.00042483024341460895,0.06492402152439097,0.935075978475609,0.6790363560518091,0.3209636439481909,0.44992990150767176,0.5500700984923282,0.4303571569998047,0.5696428430001953,0.0
180,389092,C1S8,0,2,reverse,2,-1.1128796180851426,0.09958220663379647,-0.02900061272719637,0.06234208077579707,1.2994079812748784,0.9629162147408409,0.872,0.999451868911059,0.006393712580131449,0.00042048180601637897,0.06492366245846436,0.9350763375415356,0.6770574939518156,0.3229425060481844,0.44992990150767176,0.5500700984923282,0.4303571569998047,0.5696428430001953,0.0
181,396425,C1S8,0,2,reverse,2,-1.1128796180851426,0.09958220663379647,-0.02900061272719637,0.0625206374477451,1.2994079812748784,0.9629162147408409,0.872,0.9995066820199531,0.004741543760953956,0.00042048180601637897,0.06492366245846436,0.9350763375415356,0.6770574939518156,0.3229425060481844,0.4498326820688051,0.5501673179311949,0.4303275949092312,0.5696724050907689,0.0
182,403783,C1S9,1,3,reverse,2,-1.1128796180851426,0.09958220663379647,-0.02900061272719637,0.06269749860121576,1.2994079812748784,0.9629162147408409,0.872,0.9995560138179578,0.004718894384185119,0.00042048180601637897,0.06492366245846436,0.9350763375415356,0.6770574939518156,0.3229425060481844,0.44973638957271034,0.5502636104272897,0.4303009894524223,0.5696990105475778,0.0
183,411132,C1S8,0,2,reverse,2,-1.1128796180851426,0.09958391411499541,-0.02900061272719637,0.06269749860121576,1.2994079812748784,0.9666245932667568,0.872,0.9995560138179578,0.004086903567800993,0.00041779336620353935,0.06492343440956541,0.9350765655904345,0.6752710767850344,0.32472892321496555,0.44973638957271034,0.5502636104272897,0.4303009894524223,0.5696990105475778,0.0
184,418238,C1S8,0,2,reverse,2,-1.1128796180851426,0.09958391411499541,-0.02900061272719637,0.06287268837036615,1.2994079812748784,0.9666245932667568,0.872,0.999600412436162,0.004696461700450284,0.00041779336620353935,0.06492343440956541,0.9350765655904345,0.6752710767850344,0.32472892321496555,0.44964101077910174,0.5503589892208983,0.4302770448854336,0.5697229551145663,0.0
185,425828,C1S9,1,3,reverse,2,-1.1128796180851426,0.09958391411499541,-0.02900061272719637,0.0630462304320739,1.2994079812748784,0.9666245932667568,0.872,0.9996403711925459,0.004674242601751863,0.00041779336620353935,0.06492343440956541,0.9350765655904345,0.6752710767850344,0.32472892321496555,0.44954653269929323,0.5504534673007068,0.4302554950539892,0.5697445049460108,0.0
186,434643,C1S8,0,2,reverse,2,-1.1128796180851426,0.09958503829320639,-0.02900061272719637,0.0630462304320739,1.2994079812748784,0.9699621339400811,0.872,0.9996403711925459,0.0027017936716833522,0.000416085885004594,0.06492328426623821,0.9350767157337617,0.6736589258949209,0.32634107410507907,0.44954653269929323,0.5504534673007068,0.4302554950539892,0.5697445049460108,0.0
187,443355,C1S9,1,3,reverse,2,-1.1128796180851426,0.09958503829320639,-0.02900061272719637,0.0632181480167437,1.2994079812748784,0.9699621339400811,0.872,0.9996763340732913,0.004652234039447423,0.000416085885004594,0.06492328426623821,0.9350767157337617,0.6736589258949209,0.32634107410507907,0.449452942590239,0.5505470574097611,0.43023610043162114,0.5697638995683788,0.0
188,450651,C1S9,1,3,reverse,2,-1.1128796180851426,0.09958581429368529,-0.02900061272719637,0.0632181480167437,1.2994079812748784,0.972965920546073,0.872,0.9996763340732913,0.0018700532270861804,0.0004149617067936151,0.06492318062512438,0.9350768193748755,0.6722044696432579,0.32779553035674214,0.449452942590239,0.5505470574097611,0.43023610043162114,0.5697638995683788,0.0
189,458809,C1S8,0,2,reverse,2,-1.1128796180851426,0.0995863819531549,-0.02900061272719637,0.0632181480167437,1.2994079812748784,0.9756693284914657,0.872,0.9996763340732913,0.0013705433600405357,0.0004141857063147125,0.06492310480972784,0.9350768951902722,0.6708926249142455,0.32910737508575455,0.449452942590239,0.5505470574097611,0.43023610043162114,0.5697638995683788,0.0
190,467679,C1S9,1,3,reverse,2,-1.1128796180851426,0.0995863819531549,-0.02900061272719637,0.06338846391880787,1.2994079812748784,0.9756693284914657,0.872,0.9997087006659622,0.004630433022831269,0.0004141857063147125,0.06492310480972784,0.9350768951902722,0.6708926249142455,0.32910737508575455,0.44936022794874236,0.5506397720512577,0.4302186454545438,0.5697813545454561,0.0
191,475178,C1S8,0,2,reverse,2,-1.1128796180851426,0.09958682472996873,-0.02900061272719637,0.06338846391880787,1.2994079812748784,0.9781023956423192,0.872,0.9997087006659622,0.0010704968441313824,0.00041361804684510173,0.06492304567345152,0.9350769543265485,0.6697096819074524,0.33029031809254766,0.44936022794874236,0.5506397720512577,0.4302186454545438,0.5697813545454561,0.0
192,483311,C1S8,0,2,reverse,2,-1.1128796180851426,0.09958682472996873,-0.02900061272719637,0.06355720050693126,1.2994079812748784,0.9781023956423192,0.872,0.9997378305993659,0.004608836617758368,0.00041361804684510173,0.06492304567345152,0.9350769543265485,0.6697096819074524,0.33029031809254766,0.44926837650582857,0.5507316234941714,0.4302029361234837,0.5697970638765162,0.0
193,491649,C1S8,0,2,reverse,2,-1.1128796180851426,0.09958682472996873,-0.02900061272719637,0.06372437973393022,1.2994079812748784,0.9781023956423192,0.872,0.9997640475394294,0.0045874419453084585,0.00041361804684510173,0.06492304567345152,0.9350769543265485,0.6697096819074524,0.33029031809254766,0.4491773762212752,0.5508226237787249,0.4301887978456863,0.5698112021543137,0.0
194,502361,C1S8,0,2,reverse,2,-1.1128796180851426,0.09958682472996873,-0.02900061272719637,0.06389002314641501,1.2994079812748784,0.9781023956423192,0.872,0.9997876427854865,0.0045662461804885646,0.00041361804684510173,0.06492304567345152,0.9350769543265485,0.6697096819074524,0.33029031809254766,0.4490872152782951,0.5509127847217048,0.43017607349301457,0.5698239265069854,0.0
195,507595,C1S10,1,4,reverse,1,-1.1128796180851426,0.09958682472996873,-0.02900061272719637,0.06405415189416445,1.2994079812748784,0.9781023956423192,0.872,0.9998088785069379,0.0045452465509723886,0.00041361804684510173,0.06492304567345152,0.9350769543265485,0.6697096819074524,0.33029031809254766,0.44899788207836855,0.5510021179216316,0.43016462165447406,0.5698353783455259,1.0
196,524101,C1S10,1,4,reverse,1,-1.1051620308127579,0.09958682472996873,-0.02900061272719637,0.06405415189416445,1.1594671831473906,0.9781023956423192,0.872,0.9998088785069379,0.06837006895756437,0.11287961808514257,0.06596143452363441,0.9340385654763657,0.5984479842564538,0.40155201574354615,0.44899788207836855,0.5510021179216316,0.43016462165447406,0.5698353783455259,1.0
197,539996,C1S9,1,3,reverse,2,-1.0942126379989283,0.09958682472996873,-0.02900061272719637,0.06405415189416445,1.0335204648326515,0.9781023956423192,0.872,0.9998088785069379,0.10411925986219334,0.10516203081275788,0.06746115743709247,0.9325388425629075,0.5304422385266155,0.46955776147338435,0.44899788207836855,0.5510021179216316,0.43016462165447406,0.5698353783455259,0.0
198,548422,C1S8,0,2,reverse,2,-1.0942126379989283,0.0996127388602364,-0.02900061272719637,0.06405415189416445,1.0335204648326515,0.9802921560780873,0.872,0.9998088785069379,0.06271946107933477,0.00041317527003127685,0.06745757094954405,0.9325424290504559,0.5292421611071179,0.47075783889288214,0.44899788207836855,0.5510021179216316,0.43016462165447406,0.5698353783455259,0.0
199,555519,C1S9,1,3,reverse,2,-1.0942126379989283,0.0996127388602364,-0.02900061272719637,0.06421678673924174,1.0335204648326515,0.9802921560780873,0.872,0.9998279906562441,0.004524440335875211,0.00041317527003127685,0.06745757094954405,0.9325424290504559,0.5292421611071179,0.47075783889288214,0.4489093652362161,0.5510906347637838,0.4301543150636777,0.5698456849363223,0.0
200,562872,C1S9,1,3,reverse,2,-1.0942126379989283,0.09962740212894039,-0.02900061272719637,0.06421678673924174,1.0335204648326515,0.9822629404702785,0.872,0.9998279906562441,0.03786403333145902,0.0003872611397636033,0.06745554164740394,0.932544458352596,0.5281618019057296,0.4718381980942703,0.4489093652362161,0.5510906347637838,0.4301543150636777,0.5698456849363223,0.0
201,571453,C1S9,1,3,reverse,2,-1.0942126379989283,0.09963595026136993,-0.02900061272719637,0.06421678673924174,1.0335204648326515,0.9840366464232506,0.872,0.9998279906562441,0.02294197872151118,0.0003725978710596156,0.06745435866694892,0.9325456413330511,0.527189252737848,0.47281074726215205,0.4489093652362161,0.5510906347637838,0.4301543150636777,0.5698456849363223,0.0
202,579278,C1S9,1,3,reverse,2,-1.0942126379989283,0.09964104099351158,-0.02900061272719637,0.06421678673924174,1.0335204648326515,0.9856329817809255,0.872,0.9998279906562441,0.013983617076084755,0.00036404973863007895,0.06745365416704624,0.9325463458329537,0.5263137818140825,0.4736862181859175,0.4489093652362161,0.5510906347637838,0.4301543150636777,0.5698456849363223,0.0
203,587151,C1S8,0,2,reverse,2,-1.0942126379989283,0.09964413003162823,-0.02900061272719637,0.06421678673924174,1.0335204648326515,0.987069683602833,0.872,0.9998279906562441,0.00860554564954391,0.0003589590064884268,0.06745322668234412,0.9325467733176559,0.5255257194710016,0.47447428052899837,0.4489093652362161,0.5510906347637838,0.4301543150636777,0.5698456849363223,0.0
204,595352,C1S9,1,3,reverse,2,-1.0942126379989283,0.09964413003162823,-0.02900061272719637,0.0643779480648595,1.0335204648326515,0.987069683602833,0.872,0.9998451915906197,0.00450382486456304,0.0003589590064884268,0.06745322668234412,0.9325467733176559,0.5255257194710016,0.47447428052899837,0.44882165357491266,0.5511783464250875,0.4301450391837191,0.5698549608162808,0.0
205,603274,C1S9,1,3,reverse,2,-1.0942126379989283,0.09964604349084373,-0.02900061272719637,0.0643779480648595,1.0335204648326515,0.9883627152425497,0.872,0.9998451915906197,0.005376849370749413,0.0003558699683717803,0.06745296188449508,0.9325470381155049,0.5248163545185646,0.4751836454814354,0.44882165357491266,0.5511783464250875,0.4301450391837191,0.5698549608162808,0.0
206,611609,C1S9,1,3,reverse,2,-1.0942126379989283,0.09964726056447007,-0.02900061272719637,0.0643779480648595,1.0335204648326515,0.9895264437182947,0.872,0.9998451915906197,0.003438483527943413,0.0003539565091562752,0.06745279345784888,0.9325472065421511,0.524177840342258,0.47582215965774194,0.44882165357491266,0.5511783464250875,0.4301450391837191,0.5698549608162808,0.0
207,620491,C1S9,1,3,reverse,2,-1.0942126379989283,0.09964806295277893,-0.02900061272719637,0.0643779480648595,1.0335204648326515,0.9905737993464652,0.872,0.9998451915906197,0.0022747337780840097,0.00035273943552993625,0.06745268241829533,0.9325473175817046,0.5236031099339302,0.4763968900660697,0.44882165357491266,0.5511783464250875,0.4301450391837191,0.5698549608162808,0.0
208,629278,C1S8,0,2,reverse,2,-1.0942126379989283,0.0996486176064435,-0.02900061272719637,0.0643779480648595,1.0335204648326515,0.9915164194118187,0.872,0.9998451915906197,0.0015760024951830482,0.0003519370472210709,0.06745260566192303,0.932547394338077,0.5230857990705189,0.47691420092948106,0.44882165357491266,0.5511783464250875,0.4301450391837191,0.5698549608162808,0.0
209,637906,C1S8,0,2,reverse,2,-1.0942126379989283,0.0996486176064435,-0.02900061272719637,0.06453765588400233,1.0335204648326515,0.9915164194118187,0.872,0.9998606724315577,0.00448339751549485,0.0003519370472210709,0.06745260566192303,0.932547394338077,0.5230857990705189,0.47691420092948106,0.4487347361211327,0.5512652638788673,0.430136690933686,0.569863309066314,0.0
210,646261,C1S9,1,3,reverse,2,-1.0942126379989283,0.0996486176064435,-0.02900061272719637,0.06469592984781437,1.0335204648326515,0.9915164194118187,0.872,0.999874605188402,0.004463155715096794,0.0003519370472210709,0.06745260566192303,0.932547394338077,0.5230857990705189,0.47691420092948106,0.44864860210052787,0.5513513978994721,0.430129177542623,0.569870822457377,0.0
211,654238,C1S9,1,3,reverse,2,-1.0942126379989283,0.09964902395591281,-0.02900061272719637,0.06469592984781437,1.0335204648326515,0.9923647774706368,0.872,0.999874605188402,0.0011564309332437314,0.00035138239355650414,0.06745254942884535,0.9325474505711546,0.5226201769100726,0.47737982308992744,0.44864860210052787,0.5513513978994721,0.430129177542623,0.569870822457377,0.0
212,662700,C1S9,1,3,reverse,2,-1.0942126379989283,0.09964934139415545,-0.02900061272719637,0.06469592984781437,1.0335204648326515,0.9931282997235731,0.872,0.999874605188402,0.0009044441863985558,0.00035097604408719507,0.0674525054998669,0.9325474945001331,0.5222010833267132,0.47779891667328667,0.44864860210052787,0.5513513978994721,0.430129177542623,0.569870822457377,0.0
213,670538,C1S8,0,2,reverse,2,-1.0942126379989283,0.09964960546171264,-0.02900061272719637,0.06469592984781437,1.0335204648326515,0.9938154697512158,0.872,0.999874605188402,0.0007530616753458687,0.00035065860584455877,0.06745246895665931,0.9325475310433406,0.5218238723584573,0.4781761276415426,0.44864860210052787,0.5513513978994721,0.430129177542623,0.569870822457377,0.0
214,679082,C1S9,1,3,reverse,2,-1.0942126379989283,0.09964960546171264,-0.02900061272719637,0.06485278925375944,1.0335204648326515,0.9938154697512158,0.872,0.9998871446695617,0.004443096936667359,0.00035065860584455877,0.06745246895665931,0.9325475310433406,0.5218238723584573,0.4781761276415426,0.4485632409332284,0.5514367590667715,0.43012241551818237,0.5698775844818177,0.0
